order_id,date,customer_id,region,channel,segment,product,category,quantity,unit_price,unit_cost,discount,revenue,cost,margin
1,2026-06-13,347,Campinas,Restaurante,VIP,Prato Grelhado,Pratos,1,69.9,32.0,0,69.9,32.0,37.9
2,2026-07-09,309,Campinas,Restaurante,Novo,Prato Grelhado,Pratos,1,69.9,32.0,0.1,62.91,32.0,30.91
3,2026-01-07,143,Campinas,Delivery,Recorrente,Frango Grelhado,Pratos,2,59.9,27.0,0.1,107.82,54.0,53.82
4,2026-07-27,111,Rio de Janeiro,Delivery,Recorrente,Entrada Especial,Entrada,2,39.9,18.0,0,79.8,36.0,43.8
5,2026-07-15,414,Rio de Janeiro,Delivery,VIP,Sobremesa Chocolate,Sobremesa,1,24.9,9.0,0,24.9,9.0,15.9
6,2026-01-12,322,São Paulo,Delivery,VIP,Suco Natural,Bebidas,1,14.9,5.0,0,14.9,5.0,9.9
7,2026-06-08,120,Campinas,Restaurante,Recorrente,Sobremesa Chocolate,Sobremesa,1,24.9,9.0,0,24.9,9.0,15.9
8,2026-01-26,108,Campinas,Delivery,Recorrente,Refrigerante,Bebidas,1,9.9,3.0,0,9.9,3.0,6.9
9,2026-06-21,84,Campinas,Restaurante,VIP,Salada,Pratos,2,42.9,18.0,0,85.8,36.0,49.8
10,2026-04-29,394,Campinas,Retirada,VIP,Refrigerante,Bebidas,1,9.9,3.0,0,9.9,3.0,6.9
11,2026-07-18,109,Belo Horizonte,Delivery,Recorrente,Entrada Especial,Entrada,1,39.9,18.0,0,39.9,18.0,21.9
12,2026-05-26,72,Belo Horizonte,Retirada,Novo,Sobremesa Chocolate,Sobremesa,1,24.9,9.0,0,24.9,9.0,15.9
13,2026-03-05,71,Belo Horizonte,Retirada,Recorrente,Salada,Pratos,2,42.9,18.0,0,85.8,36.0,49.8
14,2026-05-11,406,Campinas,Restaurante,VIP,Suco Natural,Bebidas,1,14.9,5.0,0,14.9,5.0,9.9
15,2026-06-24,284,Belo Horizonte,Retirada,VIP,Refrigerante,Bebidas,1,9.9,3.0,0,9.9,3.0,6.9
16,2026-01-03,223,Rio de Janeiro,Delivery,Novo,Prato Grelhado,Pratos,2,69.9,32.0,0,139.8,64.0,75.8
17,2026-02-10,260,Rio de Janeiro,Retirada,VIP,Suco Natural,Bebidas,1,14.9,5.0,0,14.9,5.0,9.9
18,2026-01-28,277,Campinas,Restaurante,Recorrente,Salada,Pratos,3,42.9,18.0,0,128.7,54.0,74.7
19,2026-07-19,30,Rio de Janeiro,Restaurante,Recorrente,Entrada Especial,Entrada,1,39.9,18.0,0,39.9,18.0,21.9
20,2026-03-03,282,Campinas,Restaurante,Novo,Prato Grelhado,Pratos,1,69.9,32.0,0.05,66.41,32.0,34.41
21,2026-02-12,205,Campinas,Restaurante,VIP,Salada,Pratos,1,42.9,18.0,0,42.9,18.0,24.9
22,2026-06-21,174,Campinas,Restaurante,Novo,Sobremesa Chocolate,Sobremesa,1,24.9,9.0,0,24.9,9.0,15.9
23,2026-01-06,170,Campinas,Restaurante,Novo,Frango Grelhado,Pratos,21,59.9,27.0,0,1257.9,567.0,690.9
24,2026-01-19,296,Campinas,Retirada,VIP,Frango Grelhado,Pratos,1,59.9,27.0,0.1,53.91,27.0,26.91
25,2026-05-02,182,São Paulo,Restaurante,Novo,Frango Grelhado,Pratos,3,59.9,27.0,0.05,170.71,81.0,89.71
26,2026-04-19,373,São Paulo,Retirada,Novo,Refrigerante,Bebidas,1,9.9,3.0,0.05,9.4,3.0,6.4
27,2026-03-28,143,Campinas,Delivery,Recorrente,Prato Grelhado,Pratos,1,69.9,32.0,0,69.9,32.0,37.9
28,2026-04-29,8,São Paulo,Retirada,Novo,Frango Grelhado,Pratos,4,59.9,27.0,0.1,215.64,108.0,107.64
29,2026-01-24,195,Belo Horizonte,Restaurante,Novo,Frango Grelhado,Pratos,1,59.9,27.0,0,59.9,27.0,32.9
30,2026-01-01,339,Rio de Janeiro,Delivery,Recorrente,Refrigerante,Bebidas,1,9.9,3.0,0.1,8.91,3.0,5.91
31,2026-07-03,30,São Paulo,Restaurante,VIP,Suco Natural,Bebidas,1,14.9,5.0,0,14.9,5.0,9.9
32,2026-01-13,96,São Paulo,Restaurante,VIP,Suco Natural,Bebidas,1,14.9,5.0,0,14.9,5.0,9.9
33,2026-01-18,21,Campinas,Restaurante,VIP,Prato Grelhado,Pratos,2,69.9,32.0,0.1,125.82,64.0,61.82
34,2026-06-08,343,Rio de Janeiro,Retirada,Recorrente,Prato Grelhado,Pratos,1,69.9,32.0,0,69.9,32.0,37.9
35,2026-07-03,385,Rio de Janeiro,Retirada,Recorrente,Sobremesa Chocolate,Sobremesa,1,24.9,9.0,0,24.9,9.0,15.9
36,2026-01-19,260,São Paulo,Restaurante,VIP,Entrada Especial,Entrada,1,39.9,18.0,0,39.9,18.0,21.9
37,2026-03-09,225,Rio de Janeiro,Restaurante,Recorrente,Burger Clássico,Pratos,5,54.9,25.0,0,274.5,125.0,149.5
38,2026-05-20,154,São Paulo,Retirada,VIP,Salada,Pratos,1,42.9,18.0,0.1,38.61,18.0,20.61
39,2026-06-19,80,São Paulo,Restaurante,VIP,Prato Grelhado,Pratos,5,69.9,32.0,0.1,314.55,160.0,154.55
40,2026-03-11,129,Rio de Janeiro,Restaurante,VIP,Salada,Pratos,1,42.9,18.0,0.05,40.75,18.0,22.75
41,2026-01-14,327,São Paulo,Restaurante,Recorrente,Prato Grelhado,Pratos,2,69.9,32.0,0,139.8,64.0,75.8
42,2026-03-09,354,São Paulo,Delivery,Novo,Burger Clássico,Pratos,2,54.9,25.0,0,109.8,50.0,59.8
43,2026-02-08,158,Belo Horizonte,Restaurante,Novo,Entrada Especial,Entrada,3,39.9,18.0,0,119.7,54.0,65.7
44,2026-04-04,209,São Paulo,Restaurante,Recorrente,Entrada Especial,Entrada,4,39.9,18.0,0.1,143.64,72.0,71.64
45,2026-06-08,92,Campinas,Restaurante,Recorrente,Burger Clássico,Pratos,5,54.9,25.0,0,274.5,125.0,149.5
46,2026-07-08,404,Campinas,Retirada,Recorrente,Sobremesa Chocolate,Sobremesa,3,24.9,9.0,0,74.7,27.0,47.7
47,2026-06-29,180,Campinas,Delivery,Novo,Prato Grelhado,Pratos,1,69.9,32.0,0.05,66.41,32.0,34.41
48,2026-03-20,396,Rio de Janeiro,Delivery,Recorrente,Frango Grelhado,Pratos,1,59.9,27.0,0,59.9,27.0,32.9
49,2026-03-13,134,Rio de Janeiro,Retirada,Novo,Sobremesa Chocolate,Sobremesa,2,24.9,9.0,0,49.8,18.0,31.8
50,2026-02-15,262,Rio de Janeiro,Delivery,Recorrente,Salada,Pratos,1,42.9,18.0,0.1,38.61,18.0,20.61
51,2026-01-30,413,Belo Horizonte,Restaurante,Novo,Refrigerante,Bebidas,4,9.9,3.0,0.1,35.64,12.0,23.64
52,2026-05-18,340,Rio de Janeiro,Retirada,VIP,Frango Grelhado,Pratos,1,59.9,27.0,0,59.9,27.0,32.9
53,2026-02-01,284,Belo Horizonte,Delivery,VIP,Salada,Pratos,1,42.9,18.0,0,42.9,18.0,24.9
54,2026-02-02,155,Campinas,Retirada,VIP,Frango Grelhado,Pratos,1,59.9,27.0,0.1,53.91,27.0,26.91
55,2026-04-14,227,Rio de Janeiro,Retirada,Recorrente,Entrada Especial,Entrada,1,39.9,18.0,0.05,37.9,18.0,19.9
56,2026-06-22,146,Campinas,Retirada,VIP,Frango Grelhado,Pratos,1,59.9,27.0,0,59.9,27.0,32.9
57,2026-05-12,76,Rio de Janeiro,Restaurante,Novo,Sobremesa Chocolate,Sobremesa,1,24.9,9.0,0,24.9,9.0,15.9
58,2026-01-07,100,Belo Horizonte,Restaurante,Recorrente,Entrada Especial,Entrada,1,39.9,18.0,0.1,35.91,18.0,17.91
59,2026-07-03,113,São Paulo,Retirada,Novo,Refrigerante,Bebidas,1,9.9,3.0,0.05,9.4,3.0,6.4
60,2026-02-15,342,Belo Horizonte,Restaurante,Novo,Suco Natural,Bebidas,1,14.9,5.0,0.05,14.15,5.0,9.15
61,2026-05-16,82,Belo Horizonte,Retirada,VIP,Sobremesa Chocolate,Sobremesa,5,24.9,9.0,0.05,118.27,45.0,73.27
62,2026-07-10,321,Rio de Janeiro,Retirada,VIP,Suco Natural,Bebidas,1,14.9,5.0,0.05,14.15,5.0,9.15
63,2026-03-03,277,Rio de Janeiro,Restaurante,Recorrente,Salada,Pratos,1,42.9,18.0,0,42.9,18.0,24.9
64,2026-01-21,209,Campinas,Restaurante,Novo,Burger Clássico,Pratos,1,54.9,25.0,0.05,52.15,25.0,27.15
65,2026-03-26,392,Belo Horizonte,Delivery,VIP,Suco Natural,Bebidas,1,14.9,5.0,0,14.9,5.0,9.9
66,2026-05-28,383,Belo Horizonte,Delivery,Recorrente,Refrigerante,Bebidas,1,9.9,3.0,0.1,8.91,3.0,5.91
67,2026-07-08,343,São Paulo,Delivery,Recorrente,Frango Grelhado,Pratos,1,59.9,27.0,0,59.9,27.0,32.9
68,2026-06-23,289,São Paulo,Restaurante,Recorrente,Refrigerante,Bebidas,2,9.9,3.0,0.1,17.82,6.0,11.82
69,2026-06-19,195,Campinas,Delivery,Novo,Entrada Especial,Entrada,1,39.9,18.0,0,39.9,18.0,21.9
70,2026-03-25,42,Rio de Janeiro,Delivery,Recorrente,Frango Grelhado,Pratos,1,59.9,27.0,0,59.9,27.0,32.9
71,2026-05-01,400,Campinas,Delivery,VIP,Entrada Especial,Entrada,2,39.9,18.0,0,79.8,36.0,43.8
72,2026-06-16,123,São Paulo,Restaurante,VIP,Entrada Especial,Entrada,2,39.9,18.0,0,79.8,36.0,43.8
73,2026-02-02,393,Belo Horizonte,Restaurante,VIP,Suco Natural,Bebidas,2,14.9,5.0,0,29.8,10.0,19.8
74,2026-04-05,56,São Paulo,Retirada,Novo,Burger Clássico,Pratos,1,54.9,25.0,0,54.9,25.0,29.9
75,2026-05-29,39,Belo Horizonte,Delivery,VIP,Entrada Especial,Entrada,5,39.9,18.0,0,199.5,90.0,109.5
76,2026-06-01,178,São Paulo,Retirada,VIP,Frango Grelhado,Pratos,1,59.9,27.0,0,59.9,27.0,32.9
77,2026-05-17,251,Rio de Janeiro,Retirada,Novo,Refrigerante,Bebidas,2,9.9,3.0,0.05,18.81,6.0,12.81
78,2026-01-28,376,Campinas,Delivery,Recorrente,Refrigerante,Bebidas,6,9.9,3.0,0,59.4,18.0,41.4
79,2026-05-14,138,Belo Horizonte,Delivery,Recorrente,Salada,Pratos,1,42.9,18.0,0.1,38.61,18.0,20.61
80,2026-03-24,313,Campinas,Delivery,Recorrente,Frango Grelhado,Pratos,3,59.9,27.0,0.1,161.73,81.0,80.73
81,2026-06-21,182,Campinas,Delivery,Recorrente,Refrigerante,Bebidas,1,9.9,3.0,0,9.9,3.0,6.9
82,2026-07-24,265,Rio de Janeiro,Retirada,VIP,Salada,Pratos,1,42.9,18.0,0,42.9,18.0,24.9
83,2026-02-18,331,Campinas,Retirada,VIP,Prato Grelhado,Pratos,1,69.9,32.0,0.05,66.41,32.0,34.41
84,2026-07-02,157,Campinas,Delivery,Recorrente,Suco Natural,Bebidas,1,14.9,5.0,0,14.9,5.0,9.9
85,2026-06-19,139,Rio de Janeiro,Delivery,Recorrente,Sobremesa Chocolate,Sobremesa,1,24.9,9.0,0.05,23.65,9.0,14.65
86,2026-03-20,391,São Paulo,Delivery,VIP,Salada,Pratos,1,42.9,18.0,0.1,38.61,18.0,20.61
87,2026-06-26,152,Rio de Janeiro,Delivery,Novo,Burger Clássico,Pratos,1,54.9,25.0,0,54.9,25.0,29.9
88,2026-02-28,28,Campinas,Retirada,Recorrente,Sobremesa Chocolate,Sobremesa,1,24.9,9.0,0,24.9,9.0,15.9
89,2026-05-22,146,São Paulo,Delivery,Novo,Salada,Pratos,2,42.9,18.0,0.1,77.22,36.0,41.22
90,2026-05-01,34,Rio de Janeiro,Restaurante,Recorrente,Suco Natural,Bebidas,1,14.9,5.0,0,14.9,5.0,9.9
91,2026-04-13,156,Campinas,Restaurante,Novo,Suco Natural,Bebidas,1,14.9,5.0,0.1,13.41,5.0,8.41
92,2026-01-22,231,Campinas,Retirada,VIP,Frango Grelhado,Pratos,1,59.9,27.0,0.05,56.9,27.0,29.9
93,2026-04-24,391,São Paulo,Delivery,VIP,Salada,Pratos,3,42.9,18.0,0,128.7,54.0,74.7
94,2026-02-23,81,Campinas,Restaurante,VIP,Frango Grelhado,Pratos,1,59.9,27.0,0,59.9,27.0,32.9
95,2026-01-01,362,São Paulo,Delivery,Novo,Refrigerante,Bebidas,1,9.9,3.0,0,9.9,3.0,6.9
96,2026-03-14,279,Campinas,Delivery,Recorrente,Suco Natural,Bebidas,1,14.9,5.0,0,14.9,5.0,9.9
97,2026-02-27,305,São Paulo,Restaurante,Novo,Burger Clássico,Pratos,4,54.9,25.0,0,219.6,100.0,119.6
98,2026-07-11,277,Belo Horizonte,Delivery,Recorrente,Salada,Pratos,1,42.9,18.0,0.1,38.61,18.0,20.61
99,2026-05-07,14,Rio de Janeiro,Delivery,VIP,Suco Natural,Bebidas,1,14.9,5.0,0,14.9,5.0,9.9
100,2026-01-24,296,São Paulo,Retirada,VIP,Frango Grelhado,Pratos,6,59.9,27.0,0,359.4,162.0,197.4
101,2026-01-11,326,Campinas,Delivery,VIP,Burger Clássico,Pratos,1,54.9,25.0,0.05,52.15,25.0,27.15
102,2026-07-28,83,Rio de Janeiro,Delivery,Recorrente,Suco Natural,Bebidas,6,14.9,5.0,0,89.4,30.0,59.4
103,2026-03-26,162,São Paulo,Delivery,Recorrente,Refrigerante,Bebidas,2,9.9,3.0,0,19.8,6.0,13.8
104,2026-03-06,237,São Paulo,Retirada,VIP,Sobremesa Chocolate,Sobremesa,1,24.9,9.0,0.1,22.41,9.0,13.41
105,2026-04-16,137,Belo Horizonte,Delivery,Novo,Entrada Especial,Entrada,1,39.9,18.0,0,39.9,18.0,21.9
106,2026-05-21,323,Belo Horizonte,Retirada,Novo,Burger Clássico,Pratos,5,54.9,25.0,0,274.5,125.0,149.5
107,2026-06-05,59,Belo Horizonte,Restaurante,Novo,Frango Grelhado,Pratos,2,59.9,27.0,0,119.8,54.0,65.8
108,2026-04-29,213,Rio de Janeiro,Retirada,VIP,Prato Grelhado,Pratos,2,69.9,32.0,0,139.8,64.0,75.8
109,2026-05-04,383,Campinas,Delivery,VIP,Suco Natural,Bebidas,1,14.9,5.0,0.1,13.41,5.0,8.41
110,2026-02-04,2,Rio de Janeiro,Delivery,VIP,Prato Grelhado,Pratos,1,69.9,32.0,0,69.9,32.0,37.9
111,2026-03-14,276,Belo Horizonte,Retirada,Novo,Salada,Pratos,3,42.9,18.0,0.05,122.26,54.0,68.26
112,2026-05-04,358,Belo Horizonte,Delivery,Recorrente,Sobremesa Chocolate,Sobremesa,1,24.9,9.0,0,24.9,9.0,15.9
113,2026-03-03,362,Rio de Janeiro,Restaurante,VIP,Refrigerante,Bebidas,1,9.9,3.0,0.05,9.4,3.0,6.4
114,2026-07-27,65,Campinas,Retirada,Recorrente,Refrigerante,Bebidas,1,9.9,3.0,0,9.9,3.0,6.9
115,2026-05-09,8,São Paulo,Delivery,VIP,Sobremesa Chocolate,Sobremesa,4,24.9,9.0,0.05,94.62,36.0,58.62
116,2026-07-04,174,São Paulo,Restaurante,Recorrente,Burger Clássico,Pratos,1,54.9,25.0,0,54.9,25.0,29.9
117,2026-06-09,278,Belo Horizonte,Retirada,Recorrente,Refrigerante,Bebidas,2,9.9,3.0,0.05,18.81,6.0,12.81
118,2026-01-10,223,Campinas,Delivery,VIP,Prato Grelhado,Pratos,1,69.9,32.0,0,69.9,32.0,37.9
119,2026-01-26,151,São Paulo,Restaurante,Recorrente,Prato Grelhado,Pratos,1,69.9,32.0,0,69.9,32.0,37.9
120,2026-04-02,41,Campinas,Delivery,Novo,Sobremesa Chocolate,Sobremesa,1,24.9,9.0,0,24.9,9.0,15.9
121,2026-06-06,327,Campinas,Retirada,Novo,Refrigerante,Bebidas,1,9.9,3.0,0.05,9.4,3.0,6.4
122,2026-03-07,177,Campinas,Delivery,Novo,Suco Natural,Bebidas,18,14.9,5.0,0.05,254.79,90.0,164.79
123,2026-05-31,197,Belo Horizonte,Delivery,Recorrente,Salada,Pratos,2,42.9,18.0,0,85.8,36.0,49.8
124,2026-05-04,12,Rio de Janeiro,Retirada,VIP,Prato Grelhado,Pratos,1,69.9,32.0,0,69.9,32.0,37.9
125,2026-06-18,147,São Paulo,Retirada,VIP,Refrigerante,Bebidas,1,9.9,3.0,0.05,9.4,3.0,6.4
126,2026-07-18,348,Campinas,Retirada,VIP,Frango Grelhado,Pratos,1,59.9,27.0,0,59.9,27.0,32.9
127,2026-07-13,18,São Paulo,Retirada,Recorrente,Burger Clássico,Pratos,1,54.9,25.0,0.05,52.15,25.0,27.15
128,2026-05-29,90,Rio de Janeiro,Delivery,VIP,Sobremesa Chocolate,Sobremesa,2,24.9,9.0,0.05,47.31,18.0,29.31
129,2026-02-21,247,Rio de Janeiro,Delivery,Novo,Burger Clássico,Pratos,3,54.9,25.0,0,164.7,75.0,89.7
130,2026-07-26,387,Belo Horizonte,Restaurante,Novo,Salada,Pratos,2,42.9,18.0,0,85.8,36.0,49.8
131,2026-02-27,136,São Paulo,Delivery,Recorrente,Refrigerante,Bebidas,6,9.9,3.0,0,59.4,18.0,41.4
132,2026-05-18,327,Rio de Janeiro,Retirada,VIP,Prato Grelhado,Pratos,1,69.9,32.0,0.05,66.41,32.0,34.41
133,2026-04-06,332,Rio de Janeiro,Retirada,VIP,Prato Grelhado,Pratos,2,69.9,32.0,0,139.8,64.0,75.8
134,2026-01-17,20,São Paulo,Delivery,Novo,Suco Natural,Bebidas,4,14.9,5.0,0,59.6,20.0,39.6
135,2026-03-19,190,Campinas,Retirada,Recorrente,Suco Natural,Bebidas,1,14.9,5.0,0.05,14.15,5.0,9.15
136,2026-06-21,209,São Paulo,Delivery,Recorrente,Refrigerante,Bebidas,1,9.9,3.0,0.1,8.91,3.0,5.91
137,2026-03-13,352,Campinas,Delivery,Recorrente,Entrada Especial,Entrada,2,39.9,18.0,0,79.8,36.0,43.8
138,2026-04-05,329,Belo Horizonte,Restaurante,Novo,Sobremesa Chocolate,Sobremesa,1,24.9,9.0,0,24.9,9.0,15.9
139,2026-06-13,107,Campinas,Restaurante,Novo,Entrada Especial,Entrada,1,39.9,18.0,0.1,35.91,18.0,17.91
140,2026-05-31,67,São Paulo,Restaurante,Recorrente,Frango Grelhado,Pratos,3,59.9,27.0,0,179.7,81.0,98.7
141,2026-05-19,405,Campinas,Restaurante,Novo,Salada,Pratos,3,42.9,18.0,0,128.7,54.0,74.7
142,2026-07-21,270,São Paulo,Delivery,Novo,Frango Grelhado,Pratos,1,59.9,27.0,0.05,56.9,27.0,29.9
143,2026-01-30,114,São Paulo,Retirada,Recorrente,Prato Grelhado,Pratos,1,69.9,32.0,0.1,62.91,32.0,30.91
144,2026-06-07,32,Rio de Janeiro,Retirada,Recorrente,Entrada Especial,Entrada,2,39.9,18.0,0,79.8,36.0,43.8
145,2026-05-03,165,Belo Horizonte,Retirada,Novo,Refrigerante,Bebidas,1,9.9,3.0,0,9.9,3.0,6.9
146,2026-06-05,272,Rio de Janeiro,Retirada,Recorrente,Burger Clássico,Pratos,1,54.9,25.0,0.1,49.41,25.0,24.41
147,2026-03-17,370,São Paulo,Retirada,VIP,Suco Natural,Bebidas,1,14.9,5.0,0.1,13.41,5.0,8.41
148,2026-02-25,374,Belo Horizonte,Delivery,Recorrente,Refrigerante,Bebidas,1,9.9,3.0,0.05,9.4,3.0,6.4
149,2026-01-25,35,Campinas,Delivery,VIP,Sobremesa Chocolate,Sobremesa,1,24.9,9.0,0.05,23.65,9.0,14.65
150,2026-01-24,31,Rio de Janeiro,Retirada,Novo,Prato Grelhado,Pratos,1,69.9,32.0,0.1,62.91,32.0,30.91
151,2026-05-31,148,Belo Horizonte,Retirada,VIP,Sobremesa Chocolate,Sobremesa,2,24.9,9.0,0,49.8,18.0,31.8
152,2026-06-03,115,Campinas,Restaurante,VIP,Salada,Pratos,1,42.9,18.0,0.05,40.75,18.0,22.75
153,2026-01-28,393,Campinas,Delivery,Recorrente,Sobremesa Chocolate,Sobremesa,3,24.9,9.0,0.1,67.23,27.0,40.23
154,2026-07-29,140,Rio de Janeiro,Retirada,Novo,Entrada Especial,Entrada,1,39.9,18.0,0,39.9,18.0,21.9
155,2026-06-29,36,Campinas,Restaurante,VIP,Salada,Pratos,5,42.9,18.0,0.05,203.77,90.0,113.77
156,2026-02-06,81,Belo Horizonte,Delivery,Recorrente,Entrada Especial,Entrada,1,39.9,18.0,0,39.9,18.0,21.9
157,2026-04-05,81,São Paulo,Retirada,Novo,Salada,Pratos,2,42.9,18.0,0,85.8,36.0,49.8
158,2026-07-13,227,Belo Horizonte,Retirada,Recorrente,Entrada Especial,Entrada,2,39.9,18.0,0.1,71.82,36.0,35.82
159,2026-04-17,348,Belo Horizonte,Delivery,Novo,Salada,Pratos,1,42.9,18.0,0,42.9,18.0,24.9
160,2026-06-23,4,Belo Horizonte,Restaurante,VIP,Suco Natural,Bebidas,1,14.9,5.0,0,14.9,5.0,9.9
161,2026-02-22,4,Rio de Janeiro,Delivery,Recorrente,Salada,Pratos,5,42.9,18.0,0,214.5,90.0,124.5
162,2026-05-08,343,Campinas,Retirada,VIP,Refrigerante,Bebidas,1,9.9,3.0,0.1,8.91,3.0,5.91
163,2026-07-26,40,Belo Horizonte,Restaurante,Novo,Sobremesa Chocolate,Sobremesa,1,24.9,9.0,0.05,23.65,9.0,14.65
164,2026-03-22,11,Rio de Janeiro,Delivery,Novo,Refrigerante,Bebidas,1,9.9,3.0,0.05,9.4,3.0,6.4
165,2026-03-25,55,Rio de Janeiro,Retirada,Novo,Burger Clássico,Pratos,3,54.9,25.0,0.05,156.46,75.0,81.46
166,2026-03-04,114,Rio de Janeiro,Delivery,VIP,Refrigerante,Bebidas,1,9.9,3.0,0,9.9,3.0,6.9
167,2026-03-27,373,Campinas,Retirada,Recorrente,Burger Clássico,Pratos,1,54.9,25.0,0,54.9,25.0,29.9
168,2026-07-29,390,Campinas,Restaurante,VIP,Burger Clássico,Pratos,1,54.9,25.0,0,54.9,25.0,29.9
169,2026-07-14,230,Belo Horizonte,Delivery,VIP,Prato Grelhado,Pratos,1,69.9,32.0,0.1,62.91,32.0,30.91
170,2026-06-24,227,Belo Horizonte,Restaurante,Novo,Sobremesa Chocolate,Sobremesa,3,24.9,9.0,0.05,70.96,27.0,43.96
171,2026-06-11,232,São Paulo,Delivery,Recorrente,Salada,Pratos,3,42.9,18.0,0.05,122.26,54.0,68.26
172,2026-01-10,260,São Paulo,Retirada,VIP,Entrada Especial,Entrada,1,39.9,18.0,0.1,35.91,18.0,17.91
173,2026-04-09,334,São Paulo,Retirada,Recorrente,Suco Natural,Bebidas,1,14.9,5.0,0.1,13.41,5.0,8.41
174,2026-02-18,366,Belo Horizonte,Restaurante,Novo,Sobremesa Chocolate,Sobremesa,1,24.9,9.0,0,24.9,9.0,15.9
175,2026-01-22,145,Campinas,Delivery,Recorrente,Burger Clássico,Pratos,1,54.9,25.0,0,54.9,25.0,29.9
176,2026-04-10,49,Rio de Janeiro,Restaurante,Novo,Refrigerante,Bebidas,2,9.9,3.0,0,19.8,6.0,13.8
177,2026-05-23,299,Campinas,Retirada,Recorrente,Refrigerante,Bebidas,1,9.9,3.0,0,9.9,3.0,6.9
178,2026-06-19,363,Belo Horizonte,Retirada,Novo,Burger Clássico,Pratos,4,54.9,25.0,0.1,197.64,100.0,97.64
179,2026-01-22,48,Campinas,Delivery,VIP,Salada,Pratos,1,42.9,18.0,0.1,38.61,18.0,20.61
180,2026-06-15,393,Campinas,Delivery,Novo,Refrigerante,Bebidas,1,9.9,3.0,0,9.9,3.0,6.9
181,2026-05-05,395,Rio de Janeiro,Restaurante,Novo,Frango Grelhado,Pratos,1,59.9,27.0,0.1,53.91,27.0,26.91
182,2026-05-19,79,Campinas,Retirada,VIP,Entrada Especial,Entrada,2,39.9,18.0,0.05,75.81,36.0,39.81
183,2026-02-11,187,Belo Horizonte,Restaurante,Novo,Burger Clássico,Pratos,3,54.9,25.0,0.05,156.46,75.0,81.46
184,2026-06-23,123,Belo Horizonte,Retirada,Novo,Frango Grelhado,Pratos,6,59.9,27.0,0.1,323.46,162.0,161.46
185,2026-03-21,399,Belo Horizonte,Retirada,Recorrente,Suco Natural,Bebidas,4,14.9,5.0,0,59.6,20.0,39.6
186,2026-04-08,329,Campinas,Retirada,Recorrente,Refrigerante,Bebidas,6,9.9,3.0,0,59.4,18.0,41.4
187,2026-05-04,391,São Paulo,Retirada,Recorrente,Sobremesa Chocolate,Sobremesa,1,24.9,9.0,0,24.9,9.0,15.9
188,2026-02-11,179,São Paulo,Delivery,Novo,Salada,Pratos,1,42.9,18.0,0.05,40.75,18.0,22.75
189,2026-01-07,115,Belo Horizonte,Restaurante,Novo,Refrigerante,Bebidas,1,9.9,3.0,0,9.9,3.0,6.9
190,2026-01-08,20,Rio de Janeiro,Retirada,Novo,Sobremesa Chocolate,Sobremesa,5,24.9,9.0,0,124.5,45.0,79.5
191,2026-03-15,3,Belo Horizonte,Retirada,Recorrente,Suco Natural,Bebidas,2,14.9,5.0,0.1,26.82,10.0,16.82
192,2026-01-21,122,Belo Horizonte,Retirada,Novo,Entrada Especial,Entrada,1,39.9,18.0,0,39.9,18.0,21.9
193,2026-03-19,256,Belo Horizonte,Retirada,Novo,Prato Grelhado,Pratos,1,69.9,32.0,0,69.9,32.0,37.9
194,2026-06-02,1,Campinas,Retirada,Recorrente,Entrada Especial,Entrada,1,39.9,18.0,0.05,37.9,18.0,19.9
195,2026-06-07,35,São Paulo,Retirada,VIP,Sobremesa Chocolate,Sobremesa,1,24.9,9.0,0,24.9,9.0,15.9
196,2026-05-15,383,Belo Horizonte,Retirada,Recorrente,Entrada Especial,Entrada,1,39.9,18.0,0,39.9,18.0,21.9
197,2026-01-05,69,São Paulo,Retirada,VIP,Sobremesa Chocolate,Sobremesa,3,24.9,9.0,0,74.7,27.0,47.7
198,2026-01-12,324,Belo Horizonte,Restaurante,VIP,Sobremesa Chocolate,Sobremesa,1,24.9,9.0,0.05,23.65,9.0,14.65
199,2026-02-16,23,São Paulo,Delivery,Recorrente,Burger Clássico,Pratos,1,54.9,25.0,0,54.9,25.0,29.9
200,2026-07-22,130,Belo Horizonte,Delivery,VIP,Frango Grelhado,Pratos,4,59.9,27.0,0.05,227.62,108.0,119.62
201,2026-01-10,410,Rio de Janeiro,Restaurante,Recorrente,Frango Grelhado,Pratos,1,59.9,27.0,0,59.9,27.0,32.9
202,2026-04-05,355,Rio de Janeiro,Delivery,Novo,Refrigerante,Bebidas,4,9.9,3.0,0.05,37.62,12.0,25.62
203,2026-05-08,309,Belo Horizonte,Restaurante,Novo,Sobremesa Chocolate,Sobremesa,5,24.9,9.0,0.05,118.27,45.0,73.27
204,2026-02-16,309,Rio de Janeiro,Retirada,Recorrente,Salada,Pratos,1,42.9,18.0,0.05,40.75,18.0,22.75
205,2026-07-03,315,São Paulo,Delivery,VIP,Refrigerante,Bebidas,1,9.9,3.0,0,9.9,3.0,6.9
206,2026-04-22,187,São Paulo,Restaurante,VIP,Salada,Pratos,2,42.9,18.0,0.05,81.51,36.0,45.51
207,2026-05-12,35,Belo Horizonte,Retirada,Novo,Burger Clássico,Pratos,6,54.9,25.0,0,329.4,150.0,179.4
208,2026-03-02,190,Campinas,Restaurante,VIP,Sobremesa Chocolate,Sobremesa,1,24.9,9.0,0.05,23.65,9.0,14.65
209,2026-04-06,333,Rio de Janeiro,Retirada,Recorrente,Suco Natural,Bebidas,2,14.9,5.0,0,29.8,10.0,19.8
210,2026-03-13,288,Belo Horizonte,Restaurante,VIP,Frango Grelhado,Pratos,6,59.9,27.0,0.05,341.43,162.0,179.43
211,2026-01-31,103,Rio de Janeiro,Restaurante,VIP,Salada,Pratos,2,42.9,18.0,0.05,81.51,36.0,45.51
212,2026-02-01,342,Belo Horizonte,Retirada,Novo,Burger Clássico,Pratos,3,54.9,25.0,0,164.7,75.0,89.7
213,2026-03-30,407,Campinas,Delivery,VIP,Prato Grelhado,Pratos,1,69.9,32.0,0,69.9,32.0,37.9
214,2026-04-03,185,Campinas,Restaurante,Recorrente,Frango Grelhado,Pratos,1,59.9,27.0,0,59.9,27.0,32.9
215,2026-05-22,204,São Paulo,Restaurante,Novo,Sobremesa Chocolate,Sobremesa,1,24.9,9.0,0,24.9,9.0,15.9
216,2026-07-03,329,São Paulo,Retirada,Novo,Suco Natural,Bebidas,1,14.9,5.0,0,14.9,5.0,9.9
217,2026-01-19,258,Campinas,Restaurante,Novo,Suco Natural,Bebidas,1,14.9,5.0,0.05,14.15,5.0,9.15
218,2026-01-15,178,Rio de Janeiro,Restaurante,VIP,Prato Grelhado,Pratos,1,69.9,32.0,0,69.9,32.0,37.9
219,2026-05-13,315,Rio de Janeiro,Retirada,Novo,Salada,Pratos,3,42.9,18.0,0,128.7,54.0,74.7
220,2026-05-17,369,Campinas,Retirada,Novo,Prato Grelhado,Pratos,1,69.9,32.0,0.1,62.91,32.0,30.91
221,2026-06-04,136,São Paulo,Restaurante,Novo,Sobremesa Chocolate,Sobremesa,3,24.9,9.0,0.1,67.23,27.0,40.23
222,2026-06-16,149,São Paulo,Retirada,Recorrente,Frango Grelhado,Pratos,2,59.9,27.0,0.1,107.82,54.0,53.82
223,2026-06-14,38,Belo Horizonte,Retirada,Recorrente,Salada,Pratos,1,42.9,18.0,0.05,40.75,18.0,22.75
224,2026-06-26,74,Campinas,Delivery,Recorrente,Entrada Especial,Entrada,1,39.9,18.0,0.1,35.91,18.0,17.91
225,2026-03-22,288,Campinas,Delivery,Recorrente,Sobremesa Chocolate,Sobremesa,2,24.9,9.0,0.1,44.82,18.0,26.82
226,2026-01-28,26,Campinas,Delivery,Novo,Sobremesa Chocolate,Sobremesa,1,24.9,9.0,0,24.9,9.0,15.9
227,2026-03-16,98,Rio de Janeiro,Restaurante,VIP,Refrigerante,Bebidas,3,9.9,3.0,0,29.7,9.0,20.7
228,2026-07-15,47,Rio de Janeiro,Delivery,Recorrente,Burger Clássico,Pratos,1,54.9,25.0,0,54.9,25.0,29.9
229,2026-04-11,254,São Paulo,Delivery,Novo,Suco Natural,Bebidas,6,14.9,5.0,0,89.4,30.0,59.4
230,2026-06-02,392,Campinas,Delivery,Recorrente,Suco Natural,Bebidas,12,14.9,5.0,0,178.8,60.0,118.8
231,2026-04-14,148,Campinas,Retirada,Recorrente,Sobremesa Chocolate,Sobremesa,1,24.9,9.0,0.1,22.41,9.0,13.41
232,2026-01-19,202,São Paulo,Delivery,Novo,Refrigerante,Bebidas,1,9.9,3.0,0,9.9,3.0,6.9
233,2026-04-06,206,Campinas,Restaurante,VIP,Sobremesa Chocolate,Sobremesa,1,24.9,9.0,0.1,22.41,9.0,13.41
234,2026-05-09,77,Belo Horizonte,Delivery,VIP,Entrada Especial,Entrada,1,39.9,18.0,0.05,37.9,18.0,19.9
235,2026-06-05,304,Belo Horizonte,Restaurante,VIP,Burger Clássico,Pratos,1,54.9,25.0,0,54.9,25.0,29.9
236,2026-03-28,214,Rio de Janeiro,Restaurante,Recorrente,Suco Natural,Bebidas,2,14.9,5.0,0,29.8,10.0,19.8
237,2026-05-30,136,São Paulo,Retirada,VIP,Salada,Pratos,3,42.9,18.0,0.05,122.26,54.0,68.26
238,2026-06-17,17,Belo Horizonte,Restaurante,Novo,Frango Grelhado,Pratos,2,59.9,27.0,0,119.8,54.0,65.8
239,2026-05-27,211,Campinas,Delivery,Recorrente,Prato Grelhado,Pratos,1,69.9,32.0,0,69.9,32.0,37.9
240,2026-05-09,288,Campinas,Restaurante,VIP,Suco Natural,Bebidas,4,14.9,5.0,0,59.6,20.0,39.6
241,2026-03-25,280,Belo Horizonte,Restaurante,VIP,Suco Natural,Bebidas,1,14.9,5.0,0,14.9,5.0,9.9
242,2026-04-01,116,Rio de Janeiro,Restaurante,VIP,Salada,Pratos,1,42.9,18.0,0,42.9,18.0,24.9
243,2026-03-18,287,Rio de Janeiro,Delivery,Recorrente,Salada,Pratos,2,42.9,18.0,0,85.8,36.0,49.8
244,2026-07-23,396,Belo Horizonte,Retirada,Recorrente,Salada,Pratos,1,42.9,18.0,0,42.9,18.0,24.9
245,2026-07-25,336,São Paulo,Retirada,Recorrente,Burger Clássico,Pratos,1,54.9,25.0,0.05,52.15,25.0,27.15
246,2026-03-07,316,Rio de Janeiro,Delivery,Novo,Suco Natural,Bebidas,1,14.9,5.0,0,14.9,5.0,9.9
247,2026-07-09,27,Campinas,Retirada,VIP,Frango Grelhado,Pratos,1,59.9,27.0,0,59.9,27.0,32.9
248,2026-01-26,81,Campinas,Retirada,Novo,Refrigerante,Bebidas,1,9.9,3.0,0.1,8.91,3.0,5.91
249,2026-04-15,394,Rio de Janeiro,Delivery,Recorrente,Suco Natural,Bebidas,1,14.9,5.0,0,14.9,5.0,9.9
250,2026-01-23,19,Campinas,Restaurante,Recorrente,Frango Grelhado,Pratos,1,59.9,27.0,0,59.9,27.0,32.9
251,2026-04-12,291,São Paulo,Delivery,Novo,Suco Natural,Bebidas,1,14.9,5.0,0,14.9,5.0,9.9
252,2026-06-04,240,Belo Horizonte,Delivery,Novo,Prato Grelhado,Pratos,5,69.9,32.0,0.1,314.55,160.0,154.55
253,2026-03-11,368,Belo Horizonte,Retirada,VIP,Frango Grelhado,Pratos,3,59.9,27.0,0,179.7,81.0,98.7
254,2026-02-17,328,Campinas,Retirada,Novo,Entrada Especial,Entrada,2,39.9,18.0,0.1,71.82,36.0,35.82
255,2026-04-14,245,São Paulo,Retirada,Novo,Refrigerante,Bebidas,1,9.9,3.0,0,9.9,3.0,6.9
256,2026-03-24,299,Rio de Janeiro,Delivery,Recorrente,Frango Grelhado,Pratos,1,59.9,27.0,0,59.9,27.0,32.9
257,2026-07-05,239,São Paulo,Restaurante,VIP,Entrada Especial,Entrada,1,39.9,18.0,0,39.9,18.0,21.9
258,2026-03-20,328,Rio de Janeiro,Retirada,VIP,Burger Clássico,Pratos,1,54.9,25.0,0,54.9,25.0,29.9
259,2026-03-17,383,Belo Horizonte,Restaurante,Novo,Sobremesa Chocolate,Sobremesa,1,24.9,9.0,0.05,23.65,9.0,14.65
260,2026-06-05,404,Campinas,Delivery,Novo,Sobremesa Chocolate,Sobremesa,1,24.9,9.0,0.1,22.41,9.0,13.41
261,2026-01-21,259,São Paulo,Retirada,Novo,Suco Natural,Bebidas,1,14.9,5.0,0.1,13.41,5.0,8.41
262,2026-02-21,368,São Paulo,Delivery,VIP,Burger Clássico,Pratos,1,54.9,25.0,0,54.9,25.0,29.9
263,2026-05-30,213,Belo Horizonte,Restaurante,Novo,Suco Natural,Bebidas,1,14.9,5.0,0.1,13.41,5.0,8.41
264,2026-04-27,419,São Paulo,Delivery,Recorrente,Entrada Especial,Entrada,1,39.9,18.0,0,39.9,18.0,21.9
265,2026-01-01,36,São Paulo,Delivery,VIP,Frango Grelhado,Pratos,1,59.9,27.0,0,59.9,27.0,32.9
266,2026-05-01,230,Belo Horizonte,Restaurante,Recorrente,Entrada Especial,Entrada,1,39.9,18.0,0.05,37.9,18.0,19.9
267,2026-04-07,61,Campinas,Retirada,VIP,Refrigerante,Bebidas,1,9.9,3.0,0,9.9,3.0,6.9
268,2026-02-15,238,São Paulo,Restaurante,Novo,Refrigerante,Bebidas,1,9.9,3.0,0,9.9,3.0,6.9
269,2026-06-22,142,Belo Horizonte,Restaurante,Recorrente,Refrigerante,Bebidas,1,9.9,3.0,0,9.9,3.0,6.9
270,2026-02-18,35,São Paulo,Retirada,Novo,Prato Grelhado,Pratos,1,69.9,32.0,0,69.9,32.0,37.9
271,2026-01-26,206,Campinas,Restaurante,VIP,Entrada Especial,Entrada,1,39.9,18.0,0,39.9,18.0,21.9
272,2026-04-23,120,Campinas,Restaurante,VIP,Frango Grelhado,Pratos,1,59.9,27.0,0,59.9,27.0,32.9
273,2026-07-28,339,Campinas,Delivery,Recorrente,Sobremesa Chocolate,Sobremesa,1,24.9,9.0,0,24.9,9.0,15.9
274,2026-05-14,285,Campinas,Retirada,VIP,Frango Grelhado,Pratos,1,59.9,27.0,0.05,56.9,27.0,29.9
275,2026-05-07,357,Belo Horizonte,Retirada,VIP,Entrada Especial,Entrada,7,39.9,18.0,0,279.3,126.0,153.3
276,2026-04-17,154,Belo Horizonte,Retirada,Novo,Refrigerante,Bebidas,1,9.9,3.0,0,9.9,3.0,6.9
277,2026-07-01,272,Belo Horizonte,Retirada,Recorrente,Burger Clássico,Pratos,3,54.9,25.0,0.1,148.23,75.0,73.23
278,2026-02-04,48,São Paulo,Retirada,Recorrente,Refrigerante,Bebidas,1,9.9,3.0,0,9.9,3.0,6.9
279,2026-05-18,412,São Paulo,Retirada,Novo,Frango Grelhado,Pratos,1,59.9,27.0,0,59.9,27.0,32.9
280,2026-07-14,98,Rio de Janeiro,Delivery,Novo,Frango Grelhado,Pratos,1,59.9,27.0,0,59.9,27.0,32.9
281,2026-07-09,283,Campinas,Restaurante,Recorrente,Prato Grelhado,Pratos,2,69.9,32.0,0,139.8,64.0,75.8
282,2026-03-24,263,Rio de Janeiro,Delivery,Recorrente,Salada,Pratos,1,42.9,18.0,0,42.9,18.0,24.9
283,2026-05-08,161,Rio de Janeiro,Delivery,Novo,Suco Natural,Bebidas,1,14.9,5.0,0,14.9,5.0,9.9
284,2026-04-16,300,São Paulo,Restaurante,Recorrente,Entrada Especial,Entrada,1,39.9,18.0,0.1,35.91,18.0,17.91
285,2026-05-29,256,Belo Horizonte,Restaurante,VIP,Refrigerante,Bebidas,1,9.9,3.0,0,9.9,3.0,6.9
286,2026-05-21,376,Belo Horizonte,Retirada,Recorrente,Sobremesa Chocolate,Sobremesa,1,24.9,9.0,0,24.9,9.0,15.9
287,2026-07-23,269,Campinas,Delivery,VIP,Sobremesa Chocolate,Sobremesa,1,24.9,9.0,0,24.9,9.0,15.9
288,2026-01-09,35,Belo Horizonte,Restaurante,Novo,Prato Grelhado,Pratos,5,69.9,32.0,0,349.5,160.0,189.5
289,2026-07-01,248,São Paulo,Delivery,VIP,Burger Clássico,Pratos,1,54.9,25.0,0.1,49.41,25.0,24.41
290,2026-06-18,370,São Paulo,Delivery,Novo,Suco Natural,Bebidas,1,14.9,5.0,0.1,13.41,5.0,8.41
291,2026-03-12,50,Belo Horizonte,Retirada,Novo,Salada,Pratos,1,42.9,18.0,0,42.9,18.0,24.9
292,2026-05-15,41,Rio de Janeiro,Delivery,Recorrente,Burger Clássico,Pratos,1,54.9,25.0,0.05,52.15,25.0,27.15
293,2026-04-06,335,Campinas,Retirada,Recorrente,Refrigerante,Bebidas,1,9.9,3.0,0,9.9,3.0,6.9
294,2026-06-16,360,Belo Horizonte,Retirada,Novo,Entrada Especial,Entrada,1,39.9,18.0,0,39.9,18.0,21.9
295,2026-02-13,118,São Paulo,Delivery,VIP,Prato Grelhado,Pratos,1,69.9,32.0,0,69.9,32.0,37.9
296,2026-02-24,337,Rio de Janeiro,Retirada,VIP,Suco Natural,Bebidas,1,14.9,5.0,0.1,13.41,5.0,8.41
297,2026-01-09,40,Campinas,Restaurante,VIP,Burger Clássico,Pratos,5,54.9,25.0,0.05,260.77,125.0,135.77
298,2026-03-18,405,Rio de Janeiro,Delivery,Recorrente,Burger Clássico,Pratos,1,54.9,25.0,0,54.9,25.0,29.9
299,2026-06-26,39,São Paulo,Restaurante,Recorrente,Prato Grelhado,Pratos,1,69.9,32.0,0,69.9,32.0,37.9
300,2026-03-29,117,Rio de Janeiro,Retirada,Recorrente,Refrigerante,Bebidas,6,9.9,3.0,0.05,56.43,18.0,38.43
301,2026-04-02,152,Belo Horizonte,Retirada,Novo,Refrigerante,Bebidas,1,9.9,3.0,0.1,8.91,3.0,5.91
302,2026-07-24,379,Belo Horizonte,Restaurante,VIP,Frango Grelhado,Pratos,2,59.9,27.0,0,119.8,54.0,65.8
303,2026-04-10,53,Belo Horizonte,Delivery,Recorrente,Sobremesa Chocolate,Sobremesa,1,24.9,9.0,0,24.9,9.0,15.9
304,2026-02-03,46,Belo Horizonte,Retirada,Novo,Prato Grelhado,Pratos,1,69.9,32.0,0,69.9,32.0,37.9
305,2026-04-01,199,São Paulo,Delivery,Recorrente,Prato Grelhado,Pratos,1,69.9,32.0,0.05,66.41,32.0,34.41
306,2026-07-19,87,Campinas,Restaurante,VIP,Prato Grelhado,Pratos,2,69.9,32.0,0.05,132.81,64.0,68.81
307,2026-02-05,216,Campinas,Restaurante,Recorrente,Salada,Pratos,1,42.9,18.0,0,42.9,18.0,24.9
308,2026-03-18,101,Belo Horizonte,Restaurante,VIP,Suco Natural,Bebidas,3,14.9,5.0,0.1,40.23,15.0,25.23
309,2026-04-28,172,Belo Horizonte,Delivery,Recorrente,Prato Grelhado,Pratos,17,69.9,32.0,0.05,1128.89,544.0,584.89
310,2026-04-21,91,Campinas,Retirada,Recorrente,Burger Clássico,Pratos,1,54.9,25.0,0,54.9,25.0,29.9
311,2026-04-12,144,Campinas,Delivery,Recorrente,Sobremesa Chocolate,Sobremesa,1,24.9,9.0,0.05,23.65,9.0,14.65
312,2026-07-29,14,Campinas,Restaurante,VIP,Refrigerante,Bebidas,1,9.9,3.0,0.1,8.91,3.0,5.91
313,2026-07-06,72,São Paulo,Delivery,Recorrente,Suco Natural,Bebidas,5,14.9,5.0,0.05,70.77,25.0,45.77
314,2026-06-12,230,Belo Horizonte,Retirada,Recorrente,Salada,Pratos,1,42.9,18.0,0,42.9,18.0,24.9
315,2026-06-03,405,Belo Horizonte,Retirada,VIP,Suco Natural,Bebidas,1,14.9,5.0,0,14.9,5.0,9.9
316,2026-04-03,23,Rio de Janeiro,Retirada,Novo,Prato Grelhado,Pratos,1,69.9,32.0,0.1,62.91,32.0,30.91
317,2026-05-25,133,São Paulo,Delivery,Novo,Refrigerante,Bebidas,6,9.9,3.0,0,59.4,18.0,41.4
318,2026-02-26,248,Campinas,Retirada,Recorrente,Frango Grelhado,Pratos,1,59.9,27.0,0,59.9,27.0,32.9
319,2026-01-27,176,Campinas,Restaurante,Recorrente,Salada,Pratos,1,42.9,18.0,0,42.9,18.0,24.9
320,2026-04-27,164,Belo Horizonte,Restaurante,VIP,Frango Grelhado,Pratos,1,59.9,27.0,0.05,56.9,27.0,29.9
321,2026-01-18,347,Rio de Janeiro,Restaurante,VIP,Salada,Pratos,1,42.9,18.0,0,42.9,18.0,24.9
322,2026-07-24,170,Campinas,Retirada,VIP,Burger Clássico,Pratos,5,54.9,25.0,0,274.5,125.0,149.5
323,2026-05-24,203,Campinas,Delivery,Novo,Refrigerante,Bebidas,6,9.9,3.0,0.05,56.43,18.0,38.43
324,2026-01-08,386,Campinas,Restaurante,Novo,Frango Grelhado,Pratos,1,59.9,27.0,0,59.9,27.0,32.9
325,2026-06-30,101,Campinas,Retirada,Recorrente,Prato Grelhado,Pratos,1,69.9,32.0,0,69.9,32.0,37.9
326,2026-04-28,313,Rio de Janeiro,Retirada,VIP,Prato Grelhado,Pratos,1,69.9,32.0,0.05,66.41,32.0,34.41
327,2026-04-11,315,Campinas,Retirada,VIP,Prato Grelhado,Pratos,1,69.9,32.0,0,69.9,32.0,37.9
328,2026-06-01,192,Rio de Janeiro,Restaurante,Novo,Prato Grelhado,Pratos,2,69.9,32.0,0,139.8,64.0,75.8
329,2026-06-27,250,Belo Horizonte,Restaurante,Recorrente,Burger Clássico,Pratos,1,54.9,25.0,0,54.9,25.0,29.9
330,2026-06-12,318,Campinas,Restaurante,Recorrente,Burger Clássico,Pratos,1,54.9,25.0,0.05,52.15,25.0,27.15
331,2026-01-14,335,Belo Horizonte,Restaurante,VIP,Sobremesa Chocolate,Sobremesa,6,24.9,9.0,0.1,134.46,54.0,80.46
332,2026-05-07,290,Belo Horizonte,Delivery,Novo,Refrigerante,Bebidas,2,9.9,3.0,0,19.8,6.0,13.8
333,2026-01-08,290,Rio de Janeiro,Retirada,Novo,Frango Grelhado,Pratos,1,59.9,27.0,0.05,56.9,27.0,29.9
334,2026-07-10,278,Rio de Janeiro,Restaurante,VIP,Suco Natural,Bebidas,1,14.9,5.0,0,14.9,5.0,9.9
335,2026-07-13,153,Belo Horizonte,Restaurante,Novo,Entrada Especial,Entrada,2,39.9,18.0,0,79.8,36.0,43.8
336,2026-01-09,108,Belo Horizonte,Restaurante,Novo,Suco Natural,Bebidas,1,14.9,5.0,0,14.9,5.0,9.9
337,2026-07-27,402,Campinas,Delivery,VIP,Sobremesa Chocolate,Sobremesa,3,24.9,9.0,0,74.7,27.0,47.7
338,2026-02-22,87,Rio de Janeiro,Retirada,VIP,Frango Grelhado,Pratos,3,59.9,27.0,0.1,161.73,81.0,80.73
339,2026-03-24,31,São Paulo,Retirada,Novo,Salada,Pratos,1,42.9,18.0,0.05,40.75,18.0,22.75
340,2026-03-12,251,Rio de Janeiro,Restaurante,Novo,Burger Clássico,Pratos,2,54.9,25.0,0.05,104.31,50.0,54.31
341,2026-02-06,384,São Paulo,Restaurante,Recorrente,Salada,Pratos,1,42.9,18.0,0.1,38.61,18.0,20.61
342,2026-03-13,375,São Paulo,Retirada,VIP,Sobremesa Chocolate,Sobremesa,1,24.9,9.0,0,24.9,9.0,15.9
343,2026-04-28,254,Campinas,Delivery,Recorrente,Sobremesa Chocolate,Sobremesa,3,24.9,9.0,0,74.7,27.0,47.7
344,2026-03-10,404,Campinas,Retirada,VIP,Sobremesa Chocolate,Sobremesa,3,24.9,9.0,0.05,70.96,27.0,43.96
345,2026-03-29,226,São Paulo,Delivery,Novo,Entrada Especial,Entrada,1,39.9,18.0,0,39.9,18.0,21.9
346,2026-04-27,82,Campinas,Retirada,VIP,Entrada Especial,Entrada,9,39.9,18.0,0,359.1,162.0,197.1
347,2026-03-12,321,Campinas,Delivery,Novo,Prato Grelhado,Pratos,2,69.9,32.0,0.05,132.81,64.0,68.81
348,2026-03-20,40,São Paulo,Restaurante,Novo,Frango Grelhado,Pratos,1,59.9,27.0,0.05,56.9,27.0,29.9
349,2026-02-03,356,Rio de Janeiro,Restaurante,Novo,Frango Grelhado,Pratos,1,59.9,27.0,0.05,56.9,27.0,29.9
350,2026-02-03,189,São Paulo,Retirada,Novo,Suco Natural,Bebidas,1,14.9,5.0,0,14.9,5.0,9.9
351,2026-03-18,289,Campinas,Restaurante,Novo,Burger Clássico,Pratos,1,54.9,25.0,0.1,49.41,25.0,24.41
352,2026-01-03,352,Campinas,Retirada,Recorrente,Burger Clássico,Pratos,1,54.9,25.0,0.1,49.41,25.0,24.41
353,2026-04-24,162,Belo Horizonte,Restaurante,Recorrente,Frango Grelhado,Pratos,1,59.9,27.0,0.05,56.9,27.0,29.9
354,2026-07-22,338,Rio de Janeiro,Restaurante,VIP,Burger Clássico,Pratos,1,54.9,25.0,0,54.9,25.0,29.9
355,2026-03-19,402,Belo Horizonte,Retirada,Recorrente,Frango Grelhado,Pratos,1,59.9,27.0,0,59.9,27.0,32.9
356,2026-07-23,185,São Paulo,Delivery,VIP,Frango Grelhado,Pratos,1,59.9,27.0,0,59.9,27.0,32.9
357,2026-03-23,391,Rio de Janeiro,Delivery,VIP,Burger Clássico,Pratos,1,54.9,25.0,0,54.9,25.0,29.9
358,2026-05-01,405,Campinas,Delivery,Novo,Prato Grelhado,Pratos,1,69.9,32.0,0,69.9,32.0,37.9
359,2026-04-12,43,Belo Horizonte,Delivery,VIP,Salada,Pratos,1,42.9,18.0,0.05,40.75,18.0,22.75
360,2026-06-13,168,Campinas,Retirada,Novo,Burger Clássico,Pratos,1,54.9,25.0,0.1,49.41,25.0,24.41
361,2026-04-11,223,São Paulo,Restaurante,Novo,Prato Grelhado,Pratos,1,69.9,32.0,0,69.9,32.0,37.9
362,2026-01-30,363,Campinas,Retirada,Novo,Suco Natural,Bebidas,1,14.9,5.0,0,14.9,5.0,9.9
363,2026-02-05,65,Rio de Janeiro,Retirada,Novo,Entrada Especial,Entrada,1,39.9,18.0,0,39.9,18.0,21.9
364,2026-07-11,269,Rio de Janeiro,Restaurante,Recorrente,Salada,Pratos,2,42.9,18.0,0,85.8,36.0,49.8
365,2026-01-17,185,Belo Horizonte,Restaurante,Recorrente,Salada,Pratos,2,42.9,18.0,0.1,77.22,36.0,41.22
366,2026-01-15,346,Rio de Janeiro,Restaurante,Novo,Suco Natural,Bebidas,3,14.9,5.0,0.1,40.23,15.0,25.23
367,2026-07-05,242,São Paulo,Restaurante,Novo,Prato Grelhado,Pratos,1,69.9,32.0,0,69.9,32.0,37.9
368,2026-04-04,128,Belo Horizonte,Restaurante,Novo,Refrigerante,Bebidas,5,9.9,3.0,0,49.5,15.0,34.5
369,2026-04-17,92,São Paulo,Delivery,VIP,Sobremesa Chocolate,Sobremesa,1,24.9,9.0,0,24.9,9.0,15.9
370,2026-02-27,45,Rio de Janeiro,Delivery,Recorrente,Entrada Especial,Entrada,6,39.9,18.0,0,239.4,108.0,131.4
371,2026-05-22,125,Rio de Janeiro,Retirada,VIP,Suco Natural,Bebidas,1,14.9,5.0,0.1,13.41,5.0,8.41
372,2026-04-29,210,Campinas,Restaurante,Novo,Sobremesa Chocolate,Sobremesa,1,24.9,9.0,0,24.9,9.0,15.9
373,2026-01-07,389,São Paulo,Retirada,Recorrente,Frango Grelhado,Pratos,1,59.9,27.0,0,59.9,27.0,32.9
374,2026-06-18,215,Campinas,Restaurante,VIP,Refrigerante,Bebidas,3,9.9,3.0,0,29.7,9.0,20.7
375,2026-05-06,267,São Paulo,Delivery,Novo,Entrada Especial,Entrada,7,39.9,18.0,0,279.3,126.0,153.3
376,2026-04-16,327,São Paulo,Retirada,VIP,Sobremesa Chocolate,Sobremesa,1,24.9,9.0,0,24.9,9.0,15.9
377,2026-07-29,134,Campinas,Delivery,Novo,Refrigerante,Bebidas,1,9.9,3.0,0,9.9,3.0,6.9
378,2026-03-22,39,Belo Horizonte,Delivery,Recorrente,Refrigerante,Bebidas,2,9.9,3.0,0,19.8,6.0,13.8
379,2026-02-21,239,São Paulo,Restaurante,Novo,Burger Clássico,Pratos,3,54.9,25.0,0.05,156.46,75.0,81.46
380,2026-03-22,136,Belo Horizonte,Restaurante,Recorrente,Refrigerante,Bebidas,1,9.9,3.0,0.05,9.4,3.0,6.4
381,2026-01-31,76,São Paulo,Retirada,Novo,Prato Grelhado,Pratos,1,69.9,32.0,0,69.9,32.0,37.9
382,2026-01-24,16,Rio de Janeiro,Restaurante,Recorrente,Frango Grelhado,Pratos,6,59.9,27.0,0,359.4,162.0,197.4
383,2026-04-14,63,Belo Horizonte,Restaurante,Novo,Suco Natural,Bebidas,1,14.9,5.0,0,14.9,5.0,9.9
384,2026-01-04,352,Campinas,Restaurante,Recorrente,Entrada Especial,Entrada,3,39.9,18.0,0,119.7,54.0,65.7
385,2026-06-11,331,São Paulo,Restaurante,Novo,Prato Grelhado,Pratos,1,69.9,32.0,0,69.9,32.0,37.9
386,2026-04-24,26,São Paulo,Delivery,Novo,Burger Clássico,Pratos,1,54.9,25.0,0.05,52.15,25.0,27.15
387,2026-02-13,89,Belo Horizonte,Restaurante,VIP,Refrigerante,Bebidas,3,9.9,3.0,0.05,28.21,9.0,19.21
388,2026-04-01,318,Campinas,Delivery,Novo,Frango Grelhado,Pratos,4,59.9,27.0,0.1,215.64,108.0,107.64
389,2026-06-07,144,Belo Horizonte,Retirada,Novo,Frango Grelhado,Pratos,2,59.9,27.0,0,119.8,54.0,65.8
390,2026-04-09,407,Campinas,Retirada,VIP,Burger Clássico,Pratos,1,54.9,25.0,0.1,49.41,25.0,24.41
391,2026-01-05,258,Belo Horizonte,Retirada,Recorrente,Refrigerante,Bebidas,3,9.9,3.0,0.1,26.73,9.0,17.73
392,2026-03-24,30,Campinas,Retirada,Novo,Refrigerante,Bebidas,1,9.9,3.0,0,9.9,3.0,6.9
393,2026-07-27,337,Campinas,Restaurante,Novo,Suco Natural,Bebidas,1,14.9,5.0,0,14.9,5.0,9.9
394,2026-03-03,409,São Paulo,Retirada,Novo,Salada,Pratos,1,42.9,18.0,0.1,38.61,18.0,20.61
395,2026-04-10,163,Campinas,Restaurante,Novo,Sobremesa Chocolate,Sobremesa,5,24.9,9.0,0.1,112.05,45.0,67.05
396,2026-07-26,73,Rio de Janeiro,Retirada,VIP,Sobremesa Chocolate,Sobremesa,4,24.9,9.0,0.1,89.64,36.0,53.64
397,2026-05-25,20,Rio de Janeiro,Delivery,Novo,Frango Grelhado,Pratos,3,59.9,27.0,0.05,170.71,81.0,89.71
398,2026-01-24,315,Belo Horizonte,Retirada,Novo,Entrada Especial,Entrada,1,39.9,18.0,0,39.9,18.0,21.9
399,2026-02-21,301,São Paulo,Delivery,Novo,Burger Clássico,Pratos,1,54.9,25.0,0,54.9,25.0,29.9
400,2026-06-30,301,São Paulo,Delivery,Recorrente,Burger Clássico,Pratos,2,54.9,25.0,0.05,104.31,50.0,54.31
401,2026-01-26,333,Belo Horizonte,Restaurante,VIP,Sobremesa Chocolate,Sobremesa,1,24.9,9.0,0.05,23.65,9.0,14.65
402,2026-03-23,418,Rio de Janeiro,Retirada,Novo,Burger Clássico,Pratos,2,54.9,25.0,0.1,98.82,50.0,48.82
403,2026-02-14,360,Campinas,Restaurante,VIP,Refrigerante,Bebidas,1,9.9,3.0,0,9.9,3.0,6.9
404,2026-05-27,163,São Paulo,Retirada,Novo,Refrigerante,Bebidas,3,9.9,3.0,0.1,26.73,9.0,17.73
405,2026-07-27,122,Campinas,Delivery,Recorrente,Frango Grelhado,Pratos,2,59.9,27.0,0,119.8,54.0,65.8
406,2026-03-30,136,Rio de Janeiro,Restaurante,Recorrente,Sobremesa Chocolate,Sobremesa,1,24.9,9.0,0,24.9,9.0,15.9
407,2026-02-23,225,São Paulo,Restaurante,Novo,Frango Grelhado,Pratos,2,59.9,27.0,0.05,113.81,54.0,59.81
408,2026-07-07,193,Belo Horizonte,Delivery,Recorrente,Refrigerante,Bebidas,6,9.9,3.0,0.1,53.46,18.0,35.46
409,2026-01-26,38,Campinas,Retirada,Novo,Suco Natural,Bebidas,3,14.9,5.0,0.05,42.47,15.0,27.47
410,2026-07-24,193,São Paulo,Restaurante,Recorrente,Entrada Especial,Entrada,1,39.9,18.0,0,39.9,18.0,21.9
411,2026-02-11,248,Rio de Janeiro,Restaurante,VIP,Prato Grelhado,Pratos,1,69.9,32.0,0.1,62.91,32.0,30.91
412,2026-06-30,52,Belo Horizonte,Retirada,Novo,Entrada Especial,Entrada,1,39.9,18.0,0,39.9,18.0,21.9
413,2026-03-26,153,Rio de Janeiro,Retirada,VIP,Frango Grelhado,Pratos,7,59.9,27.0,0,419.3,189.0,230.3
414,2026-03-02,2,Campinas,Delivery,Novo,Prato Grelhado,Pratos,1,69.9,32.0,0,69.9,32.0,37.9
415,2026-04-20,14,Belo Horizonte,Retirada,Novo,Prato Grelhado,Pratos,1,69.9,32.0,0,69.9,32.0,37.9
416,2026-02-22,242,São Paulo,Delivery,Recorrente,Burger Clássico,Pratos,2,54.9,25.0,0.05,104.31,50.0,54.31
417,2026-05-06,96,Rio de Janeiro,Restaurante,Recorrente,Salada,Pratos,1,42.9,18.0,0,42.9,18.0,24.9
418,2026-04-25,78,Rio de Janeiro,Restaurante,VIP,Entrada Especial,Entrada,1,39.9,18.0,0,39.9,18.0,21.9
419,2026-07-12,284,Belo Horizonte,Retirada,VIP,Prato Grelhado,Pratos,1,69.9,32.0,0,69.9,32.0,37.9
420,2026-01-16,244,Belo Horizonte,Retirada,VIP,Refrigerante,Bebidas,3,9.9,3.0,0,29.7,9.0,20.7
421,2026-03-18,89,Campinas,Restaurante,Novo,Prato Grelhado,Pratos,1,69.9,32.0,0.05,66.41,32.0,34.41
422,2026-02-12,104,São Paulo,Delivery,VIP,Frango Grelhado,Pratos,3,59.9,27.0,0.05,170.71,81.0,89.71
423,2026-06-10,285,São Paulo,Retirada,Novo,Burger Clássico,Pratos,3,54.9,25.0,0.05,156.46,75.0,81.46
424,2026-04-12,77,Belo Horizonte,Restaurante,Novo,Sobremesa Chocolate,Sobremesa,3,24.9,9.0,0.05,70.96,27.0,43.96
425,2026-02-07,211,Rio de Janeiro,Restaurante,VIP,Prato Grelhado,Pratos,5,69.9,32.0,0,349.5,160.0,189.5
426,2026-03-09,207,São Paulo,Delivery,Novo,Refrigerante,Bebidas,2,9.9,3.0,0,19.8,6.0,13.8
427,2026-02-06,138,Campinas,Delivery,Novo,Refrigerante,Bebidas,1,9.9,3.0,0.05,9.4,3.0,6.4
428,2026-04-06,117,Rio de Janeiro,Delivery,Recorrente,Entrada Especial,Entrada,1,39.9,18.0,0,39.9,18.0,21.9
429,2026-02-04,310,Rio de Janeiro,Delivery,VIP,Salada,Pratos,7,42.9,18.0,0.05,285.29,126.0,159.29
430,2026-06-15,29,Belo Horizonte,Delivery,VIP,Prato Grelhado,Pratos,1,69.9,32.0,0,69.9,32.0,37.9
431,2026-05-12,15,Campinas,Delivery,VIP,Burger Clássico,Pratos,1,54.9,25.0,0.1,49.41,25.0,24.41
432,2026-02-14,26,Campinas,Restaurante,Novo,Frango Grelhado,Pratos,4,59.9,27.0,0.05,227.62,108.0,119.62
433,2026-04-03,349,Belo Horizonte,Retirada,VIP,Frango Grelhado,Pratos,1,59.9,27.0,0,59.9,27.0,32.9
434,2026-01-08,180,Belo Horizonte,Restaurante,VIP,Frango Grelhado,Pratos,1,59.9,27.0,0.1,53.91,27.0,26.91
435,2026-03-30,198,São Paulo,Retirada,Recorrente,Burger Clássico,Pratos,3,54.9,25.0,0,164.7,75.0,89.7
436,2026-01-13,347,Campinas,Restaurante,VIP,Burger Clássico,Pratos,3,54.9,25.0,0,164.7,75.0,89.7
437,2026-02-22,332,São Paulo,Retirada,Recorrente,Salada,Pratos,2,42.9,18.0,0,85.8,36.0,49.8
438,2026-02-14,179,Rio de Janeiro,Delivery,Recorrente,Entrada Especial,Entrada,1,39.9,18.0,0.05,37.9,18.0,19.9
439,2026-04-28,4,Belo Horizonte,Retirada,VIP,Salada,Pratos,1,42.9,18.0,0,42.9,18.0,24.9
440,2026-05-11,247,Rio de Janeiro,Delivery,VIP,Sobremesa Chocolate,Sobremesa,1,24.9,9.0,0,24.9,9.0,15.9
441,2026-01-17,97,Rio de Janeiro,Delivery,VIP,Sobremesa Chocolate,Sobremesa,8,24.9,9.0,0,199.2,72.0,127.2
442,2026-02-08,349,Belo Horizonte,Retirada,VIP,Frango Grelhado,Pratos,4,59.9,27.0,0,239.6,108.0,131.6
443,2026-02-05,378,Belo Horizonte,Delivery,Recorrente,Entrada Especial,Entrada,2,39.9,18.0,0.05,75.81,36.0,39.81
444,2026-01-10,260,Belo Horizonte,Retirada,VIP,Frango Grelhado,Pratos,1,59.9,27.0,0,59.9,27.0,32.9
445,2026-03-18,66,Rio de Janeiro,Restaurante,Novo,Burger Clássico,Pratos,3,54.9,25.0,0.05,156.46,75.0,81.46
446,2026-07-09,114,Rio de Janeiro,Restaurante,VIP,Salada,Pratos,2,42.9,18.0,0,85.8,36.0,49.8
447,2026-04-01,151,Rio de Janeiro,Delivery,Recorrente,Frango Grelhado,Pratos,2,59.9,27.0,0.1,107.82,54.0,53.82
448,2026-04-29,257,São Paulo,Retirada,Recorrente,Prato Grelhado,Pratos,1,69.9,32.0,0,69.9,32.0,37.9
449,2026-01-31,210,Campinas,Restaurante,Novo,Refrigerante,Bebidas,1,9.9,3.0,0,9.9,3.0,6.9
450,2026-05-26,324,São Paulo,Restaurante,Recorrente,Suco Natural,Bebidas,1,14.9,5.0,0,14.9,5.0,9.9
451,2026-02-15,251,Campinas,Restaurante,VIP,Sobremesa Chocolate,Sobremesa,16,24.9,9.0,0,398.4,144.0,254.4
452,2026-07-21,197,Belo Horizonte,Delivery,Recorrente,Prato Grelhado,Pratos,1,69.9,32.0,0.05,66.41,32.0,34.41
453,2026-01-02,10,Rio de Janeiro,Restaurante,VIP,Entrada Especial,Entrada,1,39.9,18.0,0,39.9,18.0,21.9
454,2026-06-23,53,Rio de Janeiro,Retirada,Recorrente,Entrada Especial,Entrada,1,39.9,18.0,0,39.9,18.0,21.9
455,2026-04-09,306,Rio de Janeiro,Delivery,Recorrente,Salada,Pratos,1,42.9,18.0,0.1,38.61,18.0,20.61
456,2026-05-15,385,Rio de Janeiro,Restaurante,Recorrente,Sobremesa Chocolate,Sobremesa,1,24.9,9.0,0,24.9,9.0,15.9
457,2026-02-18,373,São Paulo,Delivery,Novo,Burger Clássico,Pratos,5,54.9,25.0,0,274.5,125.0,149.5
458,2026-02-03,193,São Paulo,Restaurante,Recorrente,Frango Grelhado,Pratos,2,59.9,27.0,0,119.8,54.0,65.8
459,2026-06-13,335,São Paulo,Retirada,VIP,Salada,Pratos,2,42.9,18.0,0,85.8,36.0,49.8
460,2026-01-06,243,São Paulo,Delivery,VIP,Entrada Especial,Entrada,2,39.9,18.0,0,79.8,36.0,43.8
461,2026-06-29,340,Rio de Janeiro,Restaurante,Recorrente,Burger Clássico,Pratos,1,54.9,25.0,0,54.9,25.0,29.9
462,2026-05-14,61,São Paulo,Delivery,VIP,Salada,Pratos,1,42.9,18.0,0.1,38.61,18.0,20.61
463,2026-03-14,104,Campinas,Retirada,Recorrente,Prato Grelhado,Pratos,3,69.9,32.0,0.1,188.73,96.0,92.73
464,2026-04-02,170,Campinas,Delivery,VIP,Refrigerante,Bebidas,1,9.9,3.0,0.05,9.4,3.0,6.4
465,2026-03-02,400,Belo Horizonte,Restaurante,Novo,Entrada Especial,Entrada,1,39.9,18.0,0,39.9,18.0,21.9
466,2026-05-11,136,Campinas,Delivery,Recorrente,Prato Grelhado,Pratos,2,69.9,32.0,0,139.8,64.0,75.8
467,2026-04-29,219,Rio de Janeiro,Restaurante,Recorrente,Entrada Especial,Entrada,1,39.9,18.0,0,39.9,18.0,21.9
468,2026-07-09,169,São Paulo,Restaurante,Novo,Prato Grelhado,Pratos,1,69.9,32.0,0,69.9,32.0,37.9
469,2026-04-02,94,São Paulo,Retirada,Recorrente,Suco Natural,Bebidas,6,14.9,5.0,0,89.4,30.0,59.4
470,2026-01-30,58,Belo Horizonte,Delivery,Recorrente,Refrigerante,Bebidas,1,9.9,3.0,0,9.9,3.0,6.9
471,2026-02-03,411,Belo Horizonte,Restaurante,VIP,Entrada Especial,Entrada,7,39.9,18.0,0.05,265.33,126.0,139.33
472,2026-05-26,248,São Paulo,Delivery,VIP,Suco Natural,Bebidas,1,14.9,5.0,0,14.9,5.0,9.9
473,2026-05-05,7,Rio de Janeiro,Restaurante,VIP,Prato Grelhado,Pratos,4,69.9,32.0,0,279.6,128.0,151.6
474,2026-06-30,247,São Paulo,Delivery,Recorrente,Frango Grelhado,Pratos,7,59.9,27.0,0,419.3,189.0,230.3
475,2026-03-30,259,São Paulo,Retirada,Novo,Refrigerante,Bebidas,1,9.9,3.0,0,9.9,3.0,6.9
476,2026-05-01,143,Rio de Janeiro,Delivery,Novo,Suco Natural,Bebidas,4,14.9,5.0,0,59.6,20.0,39.6
477,2026-01-13,411,São Paulo,Restaurante,Recorrente,Frango Grelhado,Pratos,1,59.9,27.0,0.05,56.9,27.0,29.9
478,2026-05-27,53,São Paulo,Delivery,Recorrente,Suco Natural,Bebidas,1,14.9,5.0,0,14.9,5.0,9.9
479,2026-04-14,106,Rio de Janeiro,Restaurante,VIP,Refrigerante,Bebidas,1,9.9,3.0,0.1,8.91,3.0,5.91
480,2026-06-17,287,Campinas,Restaurante,Recorrente,Suco Natural,Bebidas,6,14.9,5.0,0,89.4,30.0,59.4
481,2026-07-16,2,São Paulo,Delivery,Novo,Suco Natural,Bebidas,2,14.9,5.0,0,29.8,10.0,19.8
482,2026-03-29,24,Rio de Janeiro,Delivery,VIP,Sobremesa Chocolate,Sobremesa,3,24.9,9.0,0,74.7,27.0,47.7
483,2026-02-12,313,Belo Horizonte,Retirada,Novo,Suco Natural,Bebidas,1,14.9,5.0,0,14.9,5.0,9.9
484,2026-02-20,56,Belo Horizonte,Restaurante,Novo,Frango Grelhado,Pratos,1,59.9,27.0,0,59.9,27.0,32.9
485,2026-07-13,338,São Paulo,Retirada,Recorrente,Refrigerante,Bebidas,1,9.9,3.0,0.05,9.4,3.0,6.4
486,2026-05-31,261,Belo Horizonte,Retirada,VIP,Burger Clássico,Pratos,16,54.9,25.0,0.05,834.48,400.0,434.48
487,2026-07-19,311,São Paulo,Restaurante,Recorrente,Burger Clássico,Pratos,2,54.9,25.0,0.1,98.82,50.0,48.82
488,2026-03-24,176,Campinas,Retirada,Recorrente,Refrigerante,Bebidas,1,9.9,3.0,0.05,9.4,3.0,6.4
489,2026-03-17,161,Rio de Janeiro,Retirada,VIP,Suco Natural,Bebidas,3,14.9,5.0,0.1,40.23,15.0,25.23
490,2026-07-02,364,Rio de Janeiro,Delivery,VIP,Frango Grelhado,Pratos,1,59.9,27.0,0,59.9,27.0,32.9
491,2026-06-16,246,São Paulo,Delivery,Recorrente,Burger Clássico,Pratos,1,54.9,25.0,0.1,49.41,25.0,24.41
492,2026-05-30,268,Rio de Janeiro,Retirada,Recorrente,Refrigerante,Bebidas,2,9.9,3.0,0,19.8,6.0,13.8
493,2026-01-28,147,Campinas,Restaurante,Recorrente,Entrada Especial,Entrada,1,39.9,18.0,0,39.9,18.0,21.9
494,2026-06-24,184,Campinas,Delivery,VIP,Salada,Pratos,1,42.9,18.0,0,42.9,18.0,24.9
495,2026-07-28,200,Campinas,Retirada,VIP,Suco Natural,Bebidas,1,14.9,5.0,0.1,13.41,5.0,8.41
496,2026-03-02,283,Belo Horizonte,Delivery,Recorrente,Salada,Pratos,2,42.9,18.0,0,85.8,36.0,49.8
497,2026-01-14,387,Campinas,Delivery,VIP,Entrada Especial,Entrada,2,39.9,18.0,0,79.8,36.0,43.8
498,2026-05-31,96,Belo Horizonte,Delivery,Novo,Frango Grelhado,Pratos,2,59.9,27.0,0,119.8,54.0,65.8
499,2026-02-14,300,Rio de Janeiro,Retirada,Novo,Prato Grelhado,Pratos,1,69.9,32.0,0,69.9,32.0,37.9
500,2026-03-07,306,São Paulo,Restaurante,Novo,Entrada Especial,Entrada,1,39.9,18.0,0,39.9,18.0,21.9
501,2026-01-14,270,São Paulo,Delivery,VIP,Salada,Pratos,1,42.9,18.0,0,42.9,18.0,24.9
502,2026-02-26,207,Belo Horizonte,Restaurante,VIP,Burger Clássico,Pratos,1,54.9,25.0,0.1,49.41,25.0,24.41
503,2026-01-24,112,Rio de Janeiro,Delivery,Recorrente,Sobremesa Chocolate,Sobremesa,1,24.9,9.0,0,24.9,9.0,15.9
504,2026-07-12,229,São Paulo,Retirada,Novo,Suco Natural,Bebidas,11,14.9,5.0,0,163.9,55.0,108.9
505,2026-03-03,132,Belo Horizonte,Delivery,Novo,Frango Grelhado,Pratos,6,59.9,27.0,0.05,341.43,162.0,179.43
506,2026-05-19,152,Belo Horizonte,Delivery,Recorrente,Salada,Pratos,1,42.9,18.0,0,42.9,18.0,24.9
507,2026-06-16,4,Campinas,Restaurante,VIP,Frango Grelhado,Pratos,1,59.9,27.0,0.1,53.91,27.0,26.91
508,2026-06-10,276,Belo Horizonte,Restaurante,Novo,Prato Grelhado,Pratos,1,69.9,32.0,0,69.9,32.0,37.9
509,2026-06-29,368,Campinas,Retirada,Novo,Refrigerante,Bebidas,2,9.9,3.0,0.05,18.81,6.0,12.81
510,2026-03-26,133,São Paulo,Delivery,VIP,Entrada Especial,Entrada,1,39.9,18.0,0,39.9,18.0,21.9
511,2026-04-15,274,São Paulo,Delivery,Recorrente,Refrigerante,Bebidas,1,9.9,3.0,0,9.9,3.0,6.9
512,2026-01-02,55,São Paulo,Retirada,Recorrente,Prato Grelhado,Pratos,2,69.9,32.0,0.1,125.82,64.0,61.82
513,2026-03-16,243,Belo Horizonte,Delivery,Recorrente,Salada,Pratos,1,42.9,18.0,0,42.9,18.0,24.9
514,2026-02-10,153,Rio de Janeiro,Retirada,VIP,Frango Grelhado,Pratos,1,59.9,27.0,0,59.9,27.0,32.9
515,2026-06-23,294,São Paulo,Restaurante,Novo,Sobremesa Chocolate,Sobremesa,24,24.9,9.0,0,597.6,216.0,381.6
516,2026-06-02,109,Campinas,Delivery,VIP,Refrigerante,Bebidas,1,9.9,3.0,0,9.9,3.0,6.9
517,2026-04-16,344,Campinas,Delivery,Novo,Burger Clássico,Pratos,1,54.9,25.0,0,54.9,25.0,29.9
518,2026-07-24,38,Belo Horizonte,Retirada,VIP,Entrada Especial,Entrada,3,39.9,18.0,0.1,107.73,54.0,53.73
519,2026-03-16,66,Belo Horizonte,Retirada,Recorrente,Prato Grelhado,Pratos,1,69.9,32.0,0,69.9,32.0,37.9
520,2026-06-21,169,Rio de Janeiro,Restaurante,Recorrente,Frango Grelhado,Pratos,1,59.9,27.0,0.05,56.9,27.0,29.9
521,2026-06-07,87,Rio de Janeiro,Retirada,Recorrente,Salada,Pratos,2,42.9,18.0,0.05,81.51,36.0,45.51
522,2026-01-02,69,Belo Horizonte,Retirada,Recorrente,Sobremesa Chocolate,Sobremesa,1,24.9,9.0,0,24.9,9.0,15.9
523,2026-06-23,56,Rio de Janeiro,Delivery,Recorrente,Sobremesa Chocolate,Sobremesa,4,24.9,9.0,0.1,89.64,36.0,53.64
524,2026-02-14,373,Campinas,Restaurante,Recorrente,Prato Grelhado,Pratos,3,69.9,32.0,0,209.7,96.0,113.7
525,2026-01-20,19,Belo Horizonte,Retirada,VIP,Entrada Especial,Entrada,3,39.9,18.0,0,119.7,54.0,65.7
526,2026-05-22,115,Campinas,Delivery,Recorrente,Salada,Pratos,1,42.9,18.0,0.05,40.75,18.0,22.75
527,2026-07-17,6,Belo Horizonte,Restaurante,Recorrente,Salada,Pratos,1,42.9,18.0,0.1,38.61,18.0,20.61
528,2026-06-19,229,Campinas,Retirada,VIP,Frango Grelhado,Pratos,3,59.9,27.0,0,179.7,81.0,98.7
529,2026-02-10,113,Belo Horizonte,Restaurante,Recorrente,Burger Clássico,Pratos,1,54.9,25.0,0,54.9,25.0,29.9
530,2026-07-14,266,São Paulo,Restaurante,VIP,Suco Natural,Bebidas,1,14.9,5.0,0,14.9,5.0,9.9
531,2026-07-22,53,São Paulo,Restaurante,VIP,Sobremesa Chocolate,Sobremesa,1,24.9,9.0,0,24.9,9.0,15.9
532,2026-06-30,188,Campinas,Retirada,Recorrente,Salada,Pratos,3,42.9,18.0,0.05,122.26,54.0,68.26
533,2026-05-31,250,Belo Horizonte,Restaurante,Recorrente,Prato Grelhado,Pratos,1,69.9,32.0,0,69.9,32.0,37.9
534,2026-07-22,264,Campinas,Delivery,Novo,Suco Natural,Bebidas,16,14.9,5.0,0,238.4,80.0,158.4
535,2026-06-14,213,São Paulo,Delivery,VIP,Salada,Pratos,1,42.9,18.0,0,42.9,18.0,24.9
536,2026-07-27,83,Belo Horizonte,Delivery,Novo,Sobremesa Chocolate,Sobremesa,2,24.9,9.0,0.1,44.82,18.0,26.82
537,2026-06-15,21,Campinas,Retirada,Novo,Refrigerante,Bebidas,1,9.9,3.0,0.1,8.91,3.0,5.91
538,2026-05-27,327,Belo Horizonte,Restaurante,VIP,Burger Clássico,Pratos,1,54.9,25.0,0.1,49.41,25.0,24.41
539,2026-01-05,113,Belo Horizonte,Retirada,Recorrente,Salada,Pratos,5,42.9,18.0,0,214.5,90.0,124.5
540,2026-04-16,233,Rio de Janeiro,Restaurante,Novo,Burger Clássico,Pratos,3,54.9,25.0,0,164.7,75.0,89.7
541,2026-06-02,259,São Paulo,Restaurante,Novo,Prato Grelhado,Pratos,1,69.9,32.0,0.1,62.91,32.0,30.91
542,2026-06-25,20,Belo Horizonte,Restaurante,VIP,Refrigerante,Bebidas,3,9.9,3.0,0.1,26.73,9.0,17.73
543,2026-07-20,268,São Paulo,Retirada,VIP,Prato Grelhado,Pratos,1,69.9,32.0,0.05,66.41,32.0,34.41
544,2026-04-18,180,Campinas,Delivery,Recorrente,Sobremesa Chocolate,Sobremesa,4,24.9,9.0,0.05,94.62,36.0,58.62
545,2026-05-31,279,São Paulo,Restaurante,Recorrente,Prato Grelhado,Pratos,1,69.9,32.0,0.1,62.91,32.0,30.91
546,2026-04-15,193,São Paulo,Restaurante,VIP,Salada,Pratos,1,42.9,18.0,0,42.9,18.0,24.9
547,2026-06-17,334,São Paulo,Delivery,Novo,Frango Grelhado,Pratos,2,59.9,27.0,0.05,113.81,54.0,59.81
548,2026-05-30,349,Rio de Janeiro,Retirada,VIP,Salada,Pratos,1,42.9,18.0,0,42.9,18.0,24.9
549,2026-04-12,285,Campinas,Delivery,Recorrente,Frango Grelhado,Pratos,1,59.9,27.0,0.1,53.91,27.0,26.91
550,2026-05-04,338,Belo Horizonte,Retirada,VIP,Salada,Pratos,8,42.9,18.0,0,343.2,144.0,199.2
551,2026-01-31,206,São Paulo,Restaurante,Novo,Frango Grelhado,Pratos,1,59.9,27.0,0.1,53.91,27.0,26.91
552,2026-07-21,326,São Paulo,Retirada,Novo,Sobremesa Chocolate,Sobremesa,3,24.9,9.0,0.05,70.96,27.0,43.96
553,2026-01-02,135,Belo Horizonte,Retirada,Novo,Prato Grelhado,Pratos,3,69.9,32.0,0,209.7,96.0,113.7
554,2026-02-26,147,Belo Horizonte,Delivery,VIP,Sobremesa Chocolate,Sobremesa,1,24.9,9.0,0.1,22.41,9.0,13.41
555,2026-07-02,104,Belo Horizonte,Retirada,Recorrente,Entrada Especial,Entrada,5,39.9,18.0,0,199.5,90.0,109.5
556,2026-06-18,346,Campinas,Retirada,VIP,Salada,Pratos,1,42.9,18.0,0,42.9,18.0,24.9
557,2026-01-10,343,Rio de Janeiro,Restaurante,Recorrente,Sobremesa Chocolate,Sobremesa,13,24.9,9.0,0,323.7,117.0,206.7
558,2026-04-12,146,São Paulo,Retirada,Novo,Refrigerante,Bebidas,1,9.9,3.0,0.1,8.91,3.0,5.91
559,2026-07-05,295,Campinas,Restaurante,Recorrente,Sobremesa Chocolate,Sobremesa,1,24.9,9.0,0.05,23.65,9.0,14.65
560,2026-01-02,175,São Paulo,Retirada,VIP,Salada,Pratos,1,42.9,18.0,0,42.9,18.0,24.9
561,2026-01-30,194,Rio de Janeiro,Retirada,VIP,Salada,Pratos,4,42.9,18.0,0.05,163.02,72.0,91.02
562,2026-05-25,247,Belo Horizonte,Delivery,VIP,Suco Natural,Bebidas,2,14.9,5.0,0,29.8,10.0,19.8
563,2026-01-30,181,Campinas,Restaurante,Recorrente,Salada,Pratos,1,42.9,18.0,0.05,40.75,18.0,22.75
564,2026-05-13,39,São Paulo,Delivery,Recorrente,Entrada Especial,Entrada,2,39.9,18.0,0,79.8,36.0,43.8
565,2026-05-22,256,Rio de Janeiro,Retirada,Novo,Burger Clássico,Pratos,1,54.9,25.0,0,54.9,25.0,29.9
566,2026-07-08,128,Campinas,Delivery,Novo,Frango Grelhado,Pratos,1,59.9,27.0,0,59.9,27.0,32.9
567,2026-06-08,392,Belo Horizonte,Restaurante,VIP,Sobremesa Chocolate,Sobremesa,1,24.9,9.0,0,24.9,9.0,15.9
568,2026-05-19,252,Belo Horizonte,Delivery,VIP,Entrada Especial,Entrada,3,39.9,18.0,0,119.7,54.0,65.7
569,2026-02-16,245,São Paulo,Restaurante,VIP,Salada,Pratos,1,42.9,18.0,0.05,40.75,18.0,22.75
570,2026-05-19,358,Campinas,Retirada,Recorrente,Entrada Especial,Entrada,1,39.9,18.0,0,39.9,18.0,21.9
571,2026-05-13,167,Belo Horizonte,Restaurante,VIP,Suco Natural,Bebidas,21,14.9,5.0,0,312.9,105.0,207.9
572,2026-04-03,188,Belo Horizonte,Delivery,VIP,Salada,Pratos,1,42.9,18.0,0,42.9,18.0,24.9
573,2026-02-17,231,Rio de Janeiro,Delivery,Recorrente,Suco Natural,Bebidas,1,14.9,5.0,0,14.9,5.0,9.9
574,2026-02-16,222,Rio de Janeiro,Restaurante,Novo,Burger Clássico,Pratos,7,54.9,25.0,0.1,345.87,175.0,170.87
575,2026-04-08,216,Belo Horizonte,Restaurante,Novo,Frango Grelhado,Pratos,1,59.9,27.0,0,59.9,27.0,32.9
576,2026-05-08,129,Rio de Janeiro,Retirada,Recorrente,Burger Clássico,Pratos,10,54.9,25.0,0,549.0,250.0,299.0
577,2026-05-24,323,Campinas,Restaurante,Recorrente,Entrada Especial,Entrada,1,39.9,18.0,0.05,37.9,18.0,19.9
578,2026-01-25,211,Rio de Janeiro,Delivery,Recorrente,Suco Natural,Bebidas,2,14.9,5.0,0,29.8,10.0,19.8
579,2026-02-01,167,Campinas,Restaurante,Recorrente,Sobremesa Chocolate,Sobremesa,4,24.9,9.0,0,99.6,36.0,63.6
580,2026-06-22,238,Belo Horizonte,Restaurante,VIP,Suco Natural,Bebidas,2,14.9,5.0,0,29.8,10.0,19.8
581,2026-06-11,293,Belo Horizonte,Delivery,VIP,Burger Clássico,Pratos,4,54.9,25.0,0.1,197.64,100.0,97.64
582,2026-04-14,364,Rio de Janeiro,Delivery,VIP,Prato Grelhado,Pratos,1,69.9,32.0,0,69.9,32.0,37.9
583,2026-03-10,95,Belo Horizonte,Delivery,Recorrente,Refrigerante,Bebidas,1,9.9,3.0,0,9.9,3.0,6.9
584,2026-01-06,204,São Paulo,Retirada,Novo,Burger Clássico,Pratos,2,54.9,25.0,0,109.8,50.0,59.8
585,2026-01-27,269,São Paulo,Retirada,Novo,Prato Grelhado,Pratos,1,69.9,32.0,0.05,66.41,32.0,34.41
586,2026-07-15,127,Belo Horizonte,Restaurante,Recorrente,Prato Grelhado,Pratos,1,69.9,32.0,0,69.9,32.0,37.9
587,2026-07-08,340,Campinas,Retirada,Novo,Salada,Pratos,1,42.9,18.0,0,42.9,18.0,24.9
588,2026-04-02,70,Rio de Janeiro,Retirada,VIP,Sobremesa Chocolate,Sobremesa,3,24.9,9.0,0.05,70.96,27.0,43.96
589,2026-06-28,159,Belo Horizonte,Retirada,VIP,Burger Clássico,Pratos,1,54.9,25.0,0.1,49.41,25.0,24.41
590,2026-03-30,134,Rio de Janeiro,Delivery,Recorrente,Suco Natural,Bebidas,1,14.9,5.0,0.05,14.15,5.0,9.15
591,2026-02-09,274,Rio de Janeiro,Restaurante,Recorrente,Salada,Pratos,1,42.9,18.0,0.05,40.75,18.0,22.75
592,2026-01-03,119,Belo Horizonte,Restaurante,Recorrente,Suco Natural,Bebidas,5,14.9,5.0,0.1,67.05,25.0,42.05
593,2026-07-23,84,Belo Horizonte,Retirada,Recorrente,Entrada Especial,Entrada,1,39.9,18.0,0,39.9,18.0,21.9
594,2026-07-03,265,Belo Horizonte,Restaurante,VIP,Refrigerante,Bebidas,3,9.9,3.0,0,29.7,9.0,20.7
595,2026-07-15,94,Belo Horizonte,Delivery,Novo,Salada,Pratos,1,42.9,18.0,0,42.9,18.0,24.9
596,2026-02-04,252,Rio de Janeiro,Delivery,VIP,Salada,Pratos,1,42.9,18.0,0.1,38.61,18.0,20.61
597,2026-02-18,145,São Paulo,Retirada,Novo,Sobremesa Chocolate,Sobremesa,1,24.9,9.0,0,24.9,9.0,15.9
598,2026-03-10,253,São Paulo,Restaurante,Novo,Burger Clássico,Pratos,2,54.9,25.0,0,109.8,50.0,59.8
599,2026-02-25,170,Rio de Janeiro,Delivery,Recorrente,Sobremesa Chocolate,Sobremesa,1,24.9,9.0,0,24.9,9.0,15.9
600,2026-01-21,129,Belo Horizonte,Restaurante,Novo,Burger Clássico,Pratos,1,54.9,25.0,0,54.9,25.0,29.9
601,2026-07-29,127,Campinas,Retirada,Recorrente,Refrigerante,Bebidas,3,9.9,3.0,0.05,28.21,9.0,19.21
602,2026-07-08,349,Campinas,Restaurante,Recorrente,Entrada Especial,Entrada,1,39.9,18.0,0.05,37.9,18.0,19.9
603,2026-03-21,327,São Paulo,Retirada,Recorrente,Sobremesa Chocolate,Sobremesa,1,24.9,9.0,0.05,23.65,9.0,14.65
604,2026-03-18,325,Campinas,Retirada,Novo,Frango Grelhado,Pratos,1,59.9,27.0,0,59.9,27.0,32.9
605,2026-04-22,5,São Paulo,Retirada,Recorrente,Sobremesa Chocolate,Sobremesa,1,24.9,9.0,0,24.9,9.0,15.9
606,2026-01-11,47,Campinas,Restaurante,Novo,Suco Natural,Bebidas,2,14.9,5.0,0.05,28.31,10.0,18.31
607,2026-06-25,331,São Paulo,Retirada,Novo,Sobremesa Chocolate,Sobremesa,5,24.9,9.0,0,124.5,45.0,79.5
608,2026-02-09,11,Rio de Janeiro,Retirada,Recorrente,Prato Grelhado,Pratos,1,69.9,32.0,0,69.9,32.0,37.9
609,2026-06-26,287,Belo Horizonte,Restaurante,VIP,Refrigerante,Bebidas,1,9.9,3.0,0.05,9.4,3.0,6.4
610,2026-03-17,141,Rio de Janeiro,Delivery,VIP,Suco Natural,Bebidas,1,14.9,5.0,0.05,14.15,5.0,9.15
611,2026-06-03,233,Rio de Janeiro,Delivery,VIP,Burger Clássico,Pratos,1,54.9,25.0,0,54.9,25.0,29.9
612,2026-01-01,165,Rio de Janeiro,Retirada,VIP,Refrigerante,Bebidas,2,9.9,3.0,0,19.8,6.0,13.8
613,2026-07-04,393,Campinas,Delivery,VIP,Prato Grelhado,Pratos,2,69.9,32.0,0.05,132.81,64.0,68.81
614,2026-05-22,268,Rio de Janeiro,Retirada,Novo,Burger Clássico,Pratos,1,54.9,25.0,0,54.9,25.0,29.9
615,2026-06-18,249,São Paulo,Restaurante,Novo,Prato Grelhado,Pratos,1,69.9,32.0,0,69.9,32.0,37.9
616,2026-02-19,360,Belo Horizonte,Delivery,VIP,Prato Grelhado,Pratos,1,69.9,32.0,0.1,62.91,32.0,30.91
617,2026-06-01,336,São Paulo,Retirada,Novo,Salada,Pratos,1,42.9,18.0,0,42.9,18.0,24.9
618,2026-05-06,316,Belo Horizonte,Delivery,Recorrente,Prato Grelhado,Pratos,1,69.9,32.0,0,69.9,32.0,37.9
619,2026-03-10,52,Campinas,Restaurante,VIP,Entrada Especial,Entrada,2,39.9,18.0,0,79.8,36.0,43.8
620,2026-07-05,286,Campinas,Retirada,VIP,Frango Grelhado,Pratos,1,59.9,27.0,0,59.9,27.0,32.9
621,2026-07-11,360,Rio de Janeiro,Retirada,VIP,Refrigerante,Bebidas,2,9.9,3.0,0.05,18.81,6.0,12.81
622,2026-06-20,337,Belo Horizonte,Restaurante,VIP,Refrigerante,Bebidas,4,9.9,3.0,0,39.6,12.0,27.6
623,2026-02-10,392,Rio de Janeiro,Retirada,Recorrente,Suco Natural,Bebidas,5,14.9,5.0,0.05,70.77,25.0,45.77
624,2026-06-12,382,Campinas,Restaurante,Recorrente,Refrigerante,Bebidas,3,9.9,3.0,0.1,26.73,9.0,17.73
625,2026-03-07,146,São Paulo,Delivery,VIP,Sobremesa Chocolate,Sobremesa,6,24.9,9.0,0,149.4,54.0,95.4
626,2026-06-02,110,São Paulo,Delivery,Recorrente,Entrada Especial,Entrada,1,39.9,18.0,0,39.9,18.0,21.9
627,2026-03-22,236,Campinas,Delivery,Novo,Entrada Especial,Entrada,2,39.9,18.0,0,79.8,36.0,43.8
628,2026-04-02,416,Campinas,Retirada,Novo,Burger Clássico,Pratos,1,54.9,25.0,0,54.9,25.0,29.9
629,2026-03-18,406,São Paulo,Restaurante,VIP,Prato Grelhado,Pratos,1,69.9,32.0,0,69.9,32.0,37.9
630,2026-05-04,20,São Paulo,Retirada,VIP,Burger Clássico,Pratos,1,54.9,25.0,0,54.9,25.0,29.9
631,2026-07-07,62,Rio de Janeiro,Delivery,Recorrente,Refrigerante,Bebidas,1,9.9,3.0,0.05,9.4,3.0,6.4
632,2026-07-17,269,Belo Horizonte,Restaurante,Novo,Frango Grelhado,Pratos,2,59.9,27.0,0,119.8,54.0,65.8
633,2026-01-11,345,Campinas,Retirada,Novo,Sobremesa Chocolate,Sobremesa,1,24.9,9.0,0,24.9,9.0,15.9
634,2026-07-07,149,São Paulo,Retirada,Novo,Refrigerante,Bebidas,7,9.9,3.0,0.05,65.83,21.0,44.83
635,2026-07-21,135,São Paulo,Delivery,VIP,Refrigerante,Bebidas,1,9.9,3.0,0.05,9.4,3.0,6.4
636,2026-01-22,102,Campinas,Restaurante,Recorrente,Refrigerante,Bebidas,1,9.9,3.0,0.1,8.91,3.0,5.91
637,2026-05-05,137,Campinas,Retirada,Novo,Refrigerante,Bebidas,2,9.9,3.0,0,19.8,6.0,13.8
638,2026-07-18,217,São Paulo,Restaurante,VIP,Refrigerante,Bebidas,1,9.9,3.0,0.05,9.4,3.0,6.4
639,2026-04-04,180,São Paulo,Retirada,Recorrente,Sobremesa Chocolate,Sobremesa,1,24.9,9.0,0,24.9,9.0,15.9
640,2026-06-07,80,Campinas,Restaurante,VIP,Suco Natural,Bebidas,1,14.9,5.0,0,14.9,5.0,9.9
641,2026-07-13,176,Campinas,Retirada,Recorrente,Prato Grelhado,Pratos,1,69.9,32.0,0,69.9,32.0,37.9
642,2026-06-27,109,Campinas,Delivery,VIP,Prato Grelhado,Pratos,1,69.9,32.0,0.1,62.91,32.0,30.91
643,2026-02-22,340,São Paulo,Restaurante,Recorrente,Salada,Pratos,1,42.9,18.0,0.1,38.61,18.0,20.61
644,2026-05-15,336,Rio de Janeiro,Restaurante,Novo,Entrada Especial,Entrada,1,39.9,18.0,0.05,37.9,18.0,19.9
645,2026-01-03,150,Rio de Janeiro,Retirada,Novo,Prato Grelhado,Pratos,1,69.9,32.0,0,69.9,32.0,37.9
646,2026-06-16,306,São Paulo,Retirada,Recorrente,Refrigerante,Bebidas,1,9.9,3.0,0.05,9.4,3.0,6.4
647,2026-05-17,272,São Paulo,Delivery,Novo,Prato Grelhado,Pratos,1,69.9,32.0,0,69.9,32.0,37.9
648,2026-03-20,182,Rio de Janeiro,Restaurante,VIP,Sobremesa Chocolate,Sobremesa,1,24.9,9.0,0,24.9,9.0,15.9
649,2026-06-10,199,Rio de Janeiro,Retirada,Novo,Salada,Pratos,1,42.9,18.0,0,42.9,18.0,24.9
650,2026-07-28,337,Campinas,Restaurante,Recorrente,Entrada Especial,Entrada,5,39.9,18.0,0.05,189.52,90.0,99.52
651,2026-02-05,294,Campinas,Retirada,Recorrente,Prato Grelhado,Pratos,2,69.9,32.0,0,139.8,64.0,75.8
652,2026-02-09,106,Belo Horizonte,Delivery,VIP,Refrigerante,Bebidas,7,9.9,3.0,0,69.3,21.0,48.3
653,2026-06-17,70,Campinas,Restaurante,Recorrente,Burger Clássico,Pratos,1,54.9,25.0,0.1,49.41,25.0,24.41
654,2026-04-21,273,Rio de Janeiro,Restaurante,Novo,Burger Clássico,Pratos,2,54.9,25.0,0.1,98.82,50.0,48.82
655,2026-07-04,211,São Paulo,Restaurante,Recorrente,Prato Grelhado,Pratos,1,69.9,32.0,0.05,66.41,32.0,34.41
656,2026-03-19,55,Rio de Janeiro,Retirada,Novo,Suco Natural,Bebidas,2,14.9,5.0,0,29.8,10.0,19.8
657,2026-02-03,314,Rio de Janeiro,Retirada,VIP,Burger Clássico,Pratos,1,54.9,25.0,0.1,49.41,25.0,24.41
658,2026-03-01,310,Belo Horizonte,Restaurante,Novo,Frango Grelhado,Pratos,1,59.9,27.0,0.1,53.91,27.0,26.91
659,2026-05-01,116,Campinas,Delivery,Novo,Sobremesa Chocolate,Sobremesa,1,24.9,9.0,0,24.9,9.0,15.9
660,2026-01-09,388,Belo Horizonte,Delivery,Novo,Refrigerante,Bebidas,2,9.9,3.0,0,19.8,6.0,13.8
661,2026-02-22,235,Belo Horizonte,Delivery,VIP,Prato Grelhado,Pratos,1,69.9,32.0,0,69.9,32.0,37.9
662,2026-03-05,202,Belo Horizonte,Retirada,VIP,Refrigerante,Bebidas,1,9.9,3.0,0,9.9,3.0,6.9
663,2026-06-06,203,Campinas,Restaurante,VIP,Entrada Especial,Entrada,1,39.9,18.0,0.1,35.91,18.0,17.91
664,2026-07-08,226,São Paulo,Retirada,Novo,Entrada Especial,Entrada,1,39.9,18.0,0,39.9,18.0,21.9
665,2026-04-12,28,Belo Horizonte,Restaurante,Recorrente,Salada,Pratos,2,42.9,18.0,0.1,77.22,36.0,41.22
666,2026-06-26,357,São Paulo,Restaurante,Novo,Burger Clássico,Pratos,1,54.9,25.0,0.1,49.41,25.0,24.41
667,2026-05-20,365,Campinas,Restaurante,Recorrente,Burger Clássico,Pratos,1,54.9,25.0,0.1,49.41,25.0,24.41
668,2026-02-21,47,Campinas,Retirada,VIP,Suco Natural,Bebidas,1,14.9,5.0,0,14.9,5.0,9.9
669,2026-01-30,314,Belo Horizonte,Retirada,VIP,Suco Natural,Bebidas,2,14.9,5.0,0.1,26.82,10.0,16.82
670,2026-02-10,84,Rio de Janeiro,Restaurante,VIP,Refrigerante,Bebidas,1,9.9,3.0,0,9.9,3.0,6.9
671,2026-02-07,148,Rio de Janeiro,Delivery,VIP,Burger Clássico,Pratos,2,54.9,25.0,0.05,104.31,50.0,54.31
672,2026-06-10,7,São Paulo,Restaurante,VIP,Burger Clássico,Pratos,1,54.9,25.0,0,54.9,25.0,29.9
673,2026-04-28,302,Belo Horizonte,Restaurante,Novo,Suco Natural,Bebidas,3,14.9,5.0,0,44.7,15.0,29.7
674,2026-06-18,143,São Paulo,Retirada,Novo,Suco Natural,Bebidas,1,14.9,5.0,0.1,13.41,5.0,8.41
675,2026-06-08,17,Rio de Janeiro,Retirada,Novo,Frango Grelhado,Pratos,1,59.9,27.0,0,59.9,27.0,32.9
676,2026-06-20,345,Belo Horizonte,Restaurante,Novo,Salada,Pratos,1,42.9,18.0,0,42.9,18.0,24.9
677,2026-03-14,166,São Paulo,Delivery,Novo,Burger Clássico,Pratos,6,54.9,25.0,0,329.4,150.0,179.4
678,2026-04-05,69,São Paulo,Retirada,Recorrente,Refrigerante,Bebidas,3,9.9,3.0,0.05,28.21,9.0,19.21
679,2026-02-01,56,Campinas,Restaurante,VIP,Salada,Pratos,1,42.9,18.0,0,42.9,18.0,24.9
680,2026-05-27,163,Rio de Janeiro,Retirada,Recorrente,Prato Grelhado,Pratos,1,69.9,32.0,0.1,62.91,32.0,30.91
681,2026-03-08,313,Belo Horizonte,Delivery,Recorrente,Sobremesa Chocolate,Sobremesa,5,24.9,9.0,0,124.5,45.0,79.5
682,2026-03-01,410,São Paulo,Delivery,VIP,Salada,Pratos,17,42.9,18.0,0,729.3,306.0,423.3
683,2026-06-07,354,Campinas,Retirada,Novo,Refrigerante,Bebidas,1,9.9,3.0,0,9.9,3.0,6.9
684,2026-03-14,352,Rio de Janeiro,Retirada,Novo,Salada,Pratos,3,42.9,18.0,0,128.7,54.0,74.7
685,2026-03-27,174,Campinas,Restaurante,Novo,Sobremesa Chocolate,Sobremesa,1,24.9,9.0,0,24.9,9.0,15.9
686,2026-06-22,322,Campinas,Retirada,Recorrente,Suco Natural,Bebidas,4,14.9,5.0,0,59.6,20.0,39.6
687,2026-04-28,290,São Paulo,Retirada,VIP,Sobremesa Chocolate,Sobremesa,1,24.9,9.0,0,24.9,9.0,15.9
688,2026-07-05,77,Rio de Janeiro,Retirada,Recorrente,Sobremesa Chocolate,Sobremesa,1,24.9,9.0,0,24.9,9.0,15.9
689,2026-03-13,200,Campinas,Retirada,VIP,Entrada Especial,Entrada,1,39.9,18.0,0.1,35.91,18.0,17.91
690,2026-02-17,140,Rio de Janeiro,Retirada,VIP,Prato Grelhado,Pratos,3,69.9,32.0,0,209.7,96.0,113.7
691,2026-04-16,155,Rio de Janeiro,Delivery,Novo,Prato Grelhado,Pratos,1,69.9,32.0,0.1,62.91,32.0,30.91
692,2026-02-14,13,São Paulo,Restaurante,Recorrente,Prato Grelhado,Pratos,1,69.9,32.0,0.1,62.91,32.0,30.91
693,2026-07-24,159,Belo Horizonte,Delivery,VIP,Suco Natural,Bebidas,4,14.9,5.0,0.1,53.64,20.0,33.64
694,2026-07-18,236,Campinas,Retirada,Novo,Sobremesa Chocolate,Sobremesa,1,24.9,9.0,0,24.9,9.0,15.9
695,2026-04-10,24,São Paulo,Retirada,Recorrente,Prato Grelhado,Pratos,1,69.9,32.0,0.05,66.41,32.0,34.41
696,2026-01-27,99,Campinas,Retirada,Recorrente,Salada,Pratos,1,42.9,18.0,0,42.9,18.0,24.9
697,2026-03-15,81,São Paulo,Retirada,Recorrente,Salada,Pratos,1,42.9,18.0,0,42.9,18.0,24.9
698,2026-03-12,180,São Paulo,Retirada,Novo,Prato Grelhado,Pratos,1,69.9,32.0,0.1,62.91,32.0,30.91
699,2026-05-21,160,Campinas,Delivery,Novo,Sobremesa Chocolate,Sobremesa,1,24.9,9.0,0,24.9,9.0,15.9
700,2026-06-06,55,Belo Horizonte,Restaurante,VIP,Sobremesa Chocolate,Sobremesa,1,24.9,9.0,0,24.9,9.0,15.9
701,2026-04-09,160,Belo Horizonte,Retirada,VIP,Entrada Especial,Entrada,1,39.9,18.0,0,39.9,18.0,21.9
702,2026-03-27,68,São Paulo,Retirada,Recorrente,Frango Grelhado,Pratos,2,59.9,27.0,0.1,107.82,54.0,53.82
703,2026-01-24,115,Belo Horizonte,Retirada,Recorrente,Suco Natural,Bebidas,1,14.9,5.0,0,14.9,5.0,9.9
704,2026-02-06,250,Rio de Janeiro,Retirada,Recorrente,Salada,Pratos,4,42.9,18.0,0.05,163.02,72.0,91.02
705,2026-01-08,310,Campinas,Delivery,Recorrente,Prato Grelhado,Pratos,1,69.9,32.0,0,69.9,32.0,37.9
706,2026-05-28,333,São Paulo,Retirada,Recorrente,Burger Clássico,Pratos,1,54.9,25.0,0.1,49.41,25.0,24.41
707,2026-01-19,281,Campinas,Delivery,VIP,Salada,Pratos,1,42.9,18.0,0,42.9,18.0,24.9
708,2026-02-10,404,Belo Horizonte,Retirada,Recorrente,Suco Natural,Bebidas,1,14.9,5.0,0.1,13.41,5.0,8.41
709,2026-03-29,306,Belo Horizonte,Retirada,Novo,Frango Grelhado,Pratos,1,59.9,27.0,0.1,53.91,27.0,26.91
710,2026-04-29,307,Rio de Janeiro,Restaurante,Recorrente,Sobremesa Chocolate,Sobremesa,1,24.9,9.0,0,24.9,9.0,15.9
711,2026-01-28,298,São Paulo,Restaurante,Novo,Refrigerante,Bebidas,1,9.9,3.0,0,9.9,3.0,6.9
712,2026-07-13,296,Rio de Janeiro,Delivery,Recorrente,Entrada Especial,Entrada,2,39.9,18.0,0.1,71.82,36.0,35.82
713,2026-04-25,46,Rio de Janeiro,Delivery,Recorrente,Frango Grelhado,Pratos,1,59.9,27.0,0,59.9,27.0,32.9
714,2026-05-30,282,Rio de Janeiro,Restaurante,Novo,Entrada Especial,Entrada,1,39.9,18.0,0,39.9,18.0,21.9
715,2026-01-14,121,São Paulo,Delivery,Recorrente,Entrada Especial,Entrada,2,39.9,18.0,0,79.8,36.0,43.8
716,2026-04-21,109,Belo Horizonte,Delivery,Recorrente,Refrigerante,Bebidas,1,9.9,3.0,0.1,8.91,3.0,5.91
717,2026-06-19,148,Rio de Janeiro,Delivery,Recorrente,Burger Clássico,Pratos,1,54.9,25.0,0,54.9,25.0,29.9
718,2026-06-21,337,Campinas,Restaurante,VIP,Burger Clássico,Pratos,1,54.9,25.0,0.05,52.15,25.0,27.15
719,2026-04-22,218,Belo Horizonte,Delivery,VIP,Burger Clássico,Pratos,1,54.9,25.0,0.1,49.41,25.0,24.41
720,2026-06-09,96,Belo Horizonte,Delivery,Recorrente,Burger Clássico,Pratos,1,54.9,25.0,0,54.9,25.0,29.9
721,2026-04-19,296,Rio de Janeiro,Restaurante,Recorrente,Entrada Especial,Entrada,1,39.9,18.0,0.1,35.91,18.0,17.91
722,2026-04-04,247,Rio de Janeiro,Retirada,Novo,Entrada Especial,Entrada,7,39.9,18.0,0.1,251.37,126.0,125.37
723,2026-06-26,268,Belo Horizonte,Delivery,VIP,Prato Grelhado,Pratos,1,69.9,32.0,0,69.9,32.0,37.9
724,2026-06-06,409,São Paulo,Retirada,VIP,Prato Grelhado,Pratos,1,69.9,32.0,0.1,62.91,32.0,30.91
725,2026-05-29,263,São Paulo,Retirada,Recorrente,Salada,Pratos,1,42.9,18.0,0.05,40.75,18.0,22.75
726,2026-05-01,356,Rio de Janeiro,Delivery,Novo,Sobremesa Chocolate,Sobremesa,1,24.9,9.0,0,24.9,9.0,15.9
727,2026-06-02,294,Belo Horizonte,Restaurante,VIP,Salada,Pratos,2,42.9,18.0,0,85.8,36.0,49.8
728,2026-01-14,259,Belo Horizonte,Delivery,Novo,Salada,Pratos,3,42.9,18.0,0,128.7,54.0,74.7
729,2026-01-20,310,Rio de Janeiro,Delivery,Novo,Salada,Pratos,1,42.9,18.0,0,42.9,18.0,24.9
730,2026-02-14,249,Rio de Janeiro,Restaurante,VIP,Burger Clássico,Pratos,2,54.9,25.0,0,109.8,50.0,59.8
731,2026-02-16,395,Campinas,Restaurante,Recorrente,Entrada Especial,Entrada,1,39.9,18.0,0.05,37.9,18.0,19.9
732,2026-04-09,28,Campinas,Restaurante,VIP,Frango Grelhado,Pratos,2,59.9,27.0,0,119.8,54.0,65.8
733,2026-06-14,155,Belo Horizonte,Restaurante,Recorrente,Salada,Pratos,2,42.9,18.0,0.05,81.51,36.0,45.51
734,2026-05-02,223,Rio de Janeiro,Delivery,Novo,Frango Grelhado,Pratos,1,59.9,27.0,0.1,53.91,27.0,26.91
735,2026-01-04,50,Rio de Janeiro,Retirada,VIP,Salada,Pratos,5,42.9,18.0,0,214.5,90.0,124.5
736,2026-05-17,137,Rio de Janeiro,Retirada,Recorrente,Sobremesa Chocolate,Sobremesa,6,24.9,9.0,0,149.4,54.0,95.4
737,2026-07-25,395,Campinas,Delivery,VIP,Prato Grelhado,Pratos,1,69.9,32.0,0.1,62.91,32.0,30.91
738,2026-02-19,35,São Paulo,Delivery,VIP,Sobremesa Chocolate,Sobremesa,2,24.9,9.0,0,49.8,18.0,31.8
739,2026-01-04,129,Rio de Janeiro,Delivery,Novo,Refrigerante,Bebidas,1,9.9,3.0,0,9.9,3.0,6.9
740,2026-02-19,363,Campinas,Retirada,VIP,Entrada Especial,Entrada,1,39.9,18.0,0,39.9,18.0,21.9
741,2026-01-31,130,Campinas,Retirada,Novo,Prato Grelhado,Pratos,3,69.9,32.0,0,209.7,96.0,113.7
742,2026-03-17,132,Rio de Janeiro,Delivery,Recorrente,Suco Natural,Bebidas,2,14.9,5.0,0,29.8,10.0,19.8
743,2026-02-11,417,Rio de Janeiro,Delivery,Novo,Prato Grelhado,Pratos,1,69.9,32.0,0,69.9,32.0,37.9
744,2026-03-09,56,Belo Horizonte,Restaurante,Novo,Burger Clássico,Pratos,1,54.9,25.0,0.05,52.15,25.0,27.15
745,2026-02-06,38,Rio de Janeiro,Delivery,Novo,Refrigerante,Bebidas,1,9.9,3.0,0,9.9,3.0,6.9
746,2026-01-19,20,Campinas,Delivery,VIP,Salada,Pratos,3,42.9,18.0,0,128.7,54.0,74.7
747,2026-06-20,245,São Paulo,Delivery,VIP,Refrigerante,Bebidas,1,9.9,3.0,0.05,9.4,3.0,6.4
748,2026-04-22,353,Campinas,Restaurante,Novo,Refrigerante,Bebidas,3,9.9,3.0,0.05,28.21,9.0,19.21
749,2026-07-29,206,Rio de Janeiro,Delivery,VIP,Suco Natural,Bebidas,1,14.9,5.0,0,14.9,5.0,9.9
750,2026-01-15,332,São Paulo,Delivery,Recorrente,Prato Grelhado,Pratos,1,69.9,32.0,0,69.9,32.0,37.9
751,2026-02-21,55,Campinas,Retirada,Recorrente,Burger Clássico,Pratos,1,54.9,25.0,0.05,52.15,25.0,27.15
752,2026-06-11,99,Campinas,Delivery,Novo,Sobremesa Chocolate,Sobremesa,1,24.9,9.0,0,24.9,9.0,15.9
753,2026-01-07,416,Rio de Janeiro,Retirada,Recorrente,Frango Grelhado,Pratos,1,59.9,27.0,0.1,53.91,27.0,26.91
754,2026-04-26,109,São Paulo,Retirada,Recorrente,Entrada Especial,Entrada,1,39.9,18.0,0,39.9,18.0,21.9
755,2026-07-26,120,Campinas,Retirada,VIP,Suco Natural,Bebidas,5,14.9,5.0,0.1,67.05,25.0,42.05
756,2026-01-19,125,Belo Horizonte,Restaurante,VIP,Entrada Especial,Entrada,2,39.9,18.0,0,79.8,36.0,43.8
757,2026-06-29,88,São Paulo,Delivery,Recorrente,Burger Clássico,Pratos,1,54.9,25.0,0.1,49.41,25.0,24.41
758,2026-06-01,219,Campinas,Delivery,Novo,Prato Grelhado,Pratos,3,69.9,32.0,0,209.7,96.0,113.7
759,2026-03-28,392,Campinas,Retirada,Recorrente,Refrigerante,Bebidas,1,9.9,3.0,0,9.9,3.0,6.9
760,2026-01-12,284,Belo Horizonte,Restaurante,Novo,Burger Clássico,Pratos,1,54.9,25.0,0,54.9,25.0,29.9
761,2026-02-12,193,São Paulo,Restaurante,VIP,Suco Natural,Bebidas,1,14.9,5.0,0.1,13.41,5.0,8.41
762,2026-07-19,362,São Paulo,Restaurante,Novo,Burger Clássico,Pratos,1,54.9,25.0,0,54.9,25.0,29.9
763,2026-06-16,328,Campinas,Delivery,Novo,Salada,Pratos,1,42.9,18.0,0,42.9,18.0,24.9
764,2026-03-11,368,São Paulo,Retirada,VIP,Suco Natural,Bebidas,1,14.9,5.0,0,14.9,5.0,9.9
765,2026-05-08,121,Belo Horizonte,Delivery,Novo,Prato Grelhado,Pratos,1,69.9,32.0,0.1,62.91,32.0,30.91
766,2026-02-19,113,Rio de Janeiro,Retirada,VIP,Prato Grelhado,Pratos,8,69.9,32.0,0.1,503.28,256.0,247.28
767,2026-04-29,82,Belo Horizonte,Restaurante,Recorrente,Frango Grelhado,Pratos,1,59.9,27.0,0,59.9,27.0,32.9
768,2026-06-21,316,Belo Horizonte,Restaurante,Recorrente,Entrada Especial,Entrada,1,39.9,18.0,0,39.9,18.0,21.9
769,2026-07-26,249,Campinas,Retirada,Novo,Suco Natural,Bebidas,1,14.9,5.0,0,14.9,5.0,9.9
770,2026-05-12,383,Rio de Janeiro,Delivery,Recorrente,Prato Grelhado,Pratos,1,69.9,32.0,0,69.9,32.0,37.9
771,2026-06-23,103,São Paulo,Restaurante,Novo,Sobremesa Chocolate,Sobremesa,1,24.9,9.0,0.05,23.65,9.0,14.65
772,2026-04-07,313,Belo Horizonte,Restaurante,Novo,Frango Grelhado,Pratos,1,59.9,27.0,0,59.9,27.0,32.9
773,2026-04-27,139,Campinas,Retirada,VIP,Burger Clássico,Pratos,1,54.9,25.0,0,54.9,25.0,29.9
774,2026-02-21,239,Rio de Janeiro,Restaurante,Novo,Sobremesa Chocolate,Sobremesa,1,24.9,9.0,0,24.9,9.0,15.9
775,2026-04-28,88,Campinas,Delivery,VIP,Refrigerante,Bebidas,1,9.9,3.0,0.1,8.91,3.0,5.91
776,2026-05-28,237,Campinas,Delivery,VIP,Frango Grelhado,Pratos,1,59.9,27.0,0.05,56.9,27.0,29.9
777,2026-03-13,297,Campinas,Restaurante,Recorrente,Entrada Especial,Entrada,2,39.9,18.0,0.05,75.81,36.0,39.81
778,2026-02-26,376,São Paulo,Delivery,Novo,Burger Clássico,Pratos,4,54.9,25.0,0.05,208.62,100.0,108.62
779,2026-07-16,124,São Paulo,Retirada,Recorrente,Entrada Especial,Entrada,1,39.9,18.0,0.05,37.9,18.0,19.9
780,2026-01-22,123,Campinas,Restaurante,Recorrente,Entrada Especial,Entrada,2,39.9,18.0,0,79.8,36.0,43.8
781,2026-06-15,13,Belo Horizonte,Restaurante,VIP,Prato Grelhado,Pratos,1,69.9,32.0,0.1,62.91,32.0,30.91
782,2026-04-27,361,Campinas,Delivery,Recorrente,Suco Natural,Bebidas,2,14.9,5.0,0.05,28.31,10.0,18.31
783,2026-06-12,152,Rio de Janeiro,Retirada,VIP,Entrada Especial,Entrada,3,39.9,18.0,0,119.7,54.0,65.7
784,2026-04-20,318,Campinas,Retirada,VIP,Salada,Pratos,2,42.9,18.0,0,85.8,36.0,49.8
785,2026-03-27,188,São Paulo,Delivery,Novo,Entrada Especial,Entrada,1,39.9,18.0,0.05,37.9,18.0,19.9
786,2026-04-30,71,São Paulo,Retirada,VIP,Entrada Especial,Entrada,1,39.9,18.0,0,39.9,18.0,21.9
787,2026-03-27,165,Campinas,Retirada,VIP,Frango Grelhado,Pratos,1,59.9,27.0,0,59.9,27.0,32.9
788,2026-04-01,232,São Paulo,Restaurante,Recorrente,Salada,Pratos,1,42.9,18.0,0,42.9,18.0,24.9
789,2026-05-05,189,Rio de Janeiro,Retirada,Recorrente,Prato Grelhado,Pratos,1,69.9,32.0,0.1,62.91,32.0,30.91
790,2026-07-24,148,São Paulo,Restaurante,Recorrente,Prato Grelhado,Pratos,1,69.9,32.0,0,69.9,32.0,37.9
791,2026-01-20,267,Belo Horizonte,Restaurante,Novo,Prato Grelhado,Pratos,1,69.9,32.0,0,69.9,32.0,37.9
792,2026-06-10,216,Campinas,Retirada,Recorrente,Entrada Especial,Entrada,1,39.9,18.0,0,39.9,18.0,21.9
793,2026-04-24,176,Rio de Janeiro,Restaurante,Recorrente,Entrada Especial,Entrada,1,39.9,18.0,0.1,35.91,18.0,17.91
794,2026-06-17,291,Belo Horizonte,Retirada,Recorrente,Sobremesa Chocolate,Sobremesa,1,24.9,9.0,0,24.9,9.0,15.9
795,2026-02-03,76,Rio de Janeiro,Delivery,Recorrente,Salada,Pratos,1,42.9,18.0,0,42.9,18.0,24.9
796,2026-04-01,363,Rio de Janeiro,Restaurante,Novo,Salada,Pratos,1,42.9,18.0,0,42.9,18.0,24.9
797,2026-06-27,190,Campinas,Delivery,Recorrente,Burger Clássico,Pratos,1,54.9,25.0,0,54.9,25.0,29.9
798,2026-02-17,230,Rio de Janeiro,Delivery,Novo,Frango Grelhado,Pratos,1,59.9,27.0,0,59.9,27.0,32.9
799,2026-05-19,235,Belo Horizonte,Restaurante,Recorrente,Burger Clássico,Pratos,1,54.9,25.0,0,54.9,25.0,29.9
800,2026-03-23,243,Rio de Janeiro,Retirada,VIP,Burger Clássico,Pratos,1,54.9,25.0,0,54.9,25.0,29.9
801,2026-03-16,375,Rio de Janeiro,Delivery,VIP,Burger Clássico,Pratos,3,54.9,25.0,0,164.7,75.0,89.7
802,2026-05-03,113,São Paulo,Delivery,Recorrente,Entrada Especial,Entrada,1,39.9,18.0,0.1,35.91,18.0,17.91
803,2026-04-25,114,Campinas,Retirada,VIP,Sobremesa Chocolate,Sobremesa,1,24.9,9.0,0.1,22.41,9.0,13.41
804,2026-07-20,100,São Paulo,Delivery,VIP,Salada,Pratos,1,42.9,18.0,0.05,40.75,18.0,22.75
805,2026-05-06,367,Rio de Janeiro,Restaurante,Recorrente,Sobremesa Chocolate,Sobremesa,1,24.9,9.0,0,24.9,9.0,15.9
806,2026-04-20,288,Rio de Janeiro,Delivery,Recorrente,Sobremesa Chocolate,Sobremesa,1,24.9,9.0,0.05,23.65,9.0,14.65
807,2026-01-23,413,Belo Horizonte,Delivery,Recorrente,Frango Grelhado,Pratos,2,59.9,27.0,0,119.8,54.0,65.8
808,2026-07-06,156,São Paulo,Retirada,Novo,Refrigerante,Bebidas,2,9.9,3.0,0,19.8,6.0,13.8
809,2026-05-02,328,São Paulo,Delivery,Novo,Sobremesa Chocolate,Sobremesa,1,24.9,9.0,0.05,23.65,9.0,14.65
810,2026-03-11,196,Campinas,Retirada,Novo,Refrigerante,Bebidas,1,9.9,3.0,0,9.9,3.0,6.9
811,2026-03-16,379,Rio de Janeiro,Retirada,Recorrente,Suco Natural,Bebidas,1,14.9,5.0,0.1,13.41,5.0,8.41
812,2026-04-29,214,Belo Horizonte,Delivery,Novo,Frango Grelhado,Pratos,15,59.9,27.0,0,898.5,405.0,493.5
813,2026-02-15,35,São Paulo,Restaurante,Recorrente,Suco Natural,Bebidas,4,14.9,5.0,0.05,56.62,20.0,36.62
814,2026-06-03,192,Belo Horizonte,Delivery,VIP,Sobremesa Chocolate,Sobremesa,1,24.9,9.0,0,24.9,9.0,15.9
815,2026-05-12,355,Campinas,Restaurante,Recorrente,Entrada Especial,Entrada,3,39.9,18.0,0.05,113.71,54.0,59.71
816,2026-02-04,150,Rio de Janeiro,Delivery,Novo,Sobremesa Chocolate,Sobremesa,1,24.9,9.0,0,24.9,9.0,15.9
817,2026-05-16,279,São Paulo,Restaurante,VIP,Prato Grelhado,Pratos,1,69.9,32.0,0,69.9,32.0,37.9
818,2026-03-24,50,Rio de Janeiro,Delivery,VIP,Sobremesa Chocolate,Sobremesa,3,24.9,9.0,0,74.7,27.0,47.7
819,2026-05-17,211,Rio de Janeiro,Retirada,Recorrente,Sobremesa Chocolate,Sobremesa,3,24.9,9.0,0.05,70.96,27.0,43.96
820,2026-03-29,354,Campinas,Restaurante,VIP,Burger Clássico,Pratos,1,54.9,25.0,0.1,49.41,25.0,24.41
821,2026-05-15,179,Campinas,Restaurante,Novo,Prato Grelhado,Pratos,1,69.9,32.0,0.05,66.41,32.0,34.41
822,2026-03-21,15,Rio de Janeiro,Retirada,Novo,Sobremesa Chocolate,Sobremesa,1,24.9,9.0,0,24.9,9.0,15.9
823,2026-07-10,108,Campinas,Restaurante,Recorrente,Prato Grelhado,Pratos,1,69.9,32.0,0,69.9,32.0,37.9
824,2026-02-03,388,São Paulo,Restaurante,Novo,Prato Grelhado,Pratos,1,69.9,32.0,0.05,66.41,32.0,34.41
825,2026-04-21,130,São Paulo,Retirada,Recorrente,Entrada Especial,Entrada,1,39.9,18.0,0,39.9,18.0,21.9
826,2026-01-12,95,Campinas,Restaurante,VIP,Prato Grelhado,Pratos,12,69.9,32.0,0,838.8,384.0,454.8
827,2026-06-21,181,Rio de Janeiro,Retirada,VIP,Sobremesa Chocolate,Sobremesa,1,24.9,9.0,0,24.9,9.0,15.9
828,2026-02-11,367,São Paulo,Retirada,VIP,Frango Grelhado,Pratos,1,59.9,27.0,0,59.9,27.0,32.9
829,2026-02-19,363,São Paulo,Restaurante,Novo,Salada,Pratos,1,42.9,18.0,0.1,38.61,18.0,20.61
830,2026-05-02,195,São Paulo,Retirada,Novo,Sobremesa Chocolate,Sobremesa,2,24.9,9.0,0,49.8,18.0,31.8
831,2026-04-19,267,São Paulo,Delivery,Recorrente,Frango Grelhado,Pratos,1,59.9,27.0,0,59.9,27.0,32.9
832,2026-02-04,253,São Paulo,Retirada,Novo,Suco Natural,Bebidas,2,14.9,5.0,0,29.8,10.0,19.8
833,2026-01-30,209,Belo Horizonte,Delivery,Novo,Refrigerante,Bebidas,1,9.9,3.0,0.1,8.91,3.0,5.91
834,2026-03-16,346,Rio de Janeiro,Delivery,Novo,Refrigerante,Bebidas,1,9.9,3.0,0,9.9,3.0,6.9
835,2026-05-06,203,São Paulo,Retirada,Novo,Prato Grelhado,Pratos,1,69.9,32.0,0,69.9,32.0,37.9
836,2026-04-13,174,São Paulo,Restaurante,Recorrente,Prato Grelhado,Pratos,2,69.9,32.0,0,139.8,64.0,75.8
837,2026-02-21,304,Belo Horizonte,Retirada,Recorrente,Refrigerante,Bebidas,1,9.9,3.0,0.1,8.91,3.0,5.91
838,2026-03-11,76,Belo Horizonte,Delivery,VIP,Refrigerante,Bebidas,1,9.9,3.0,0,9.9,3.0,6.9
839,2026-07-16,16,Campinas,Delivery,VIP,Suco Natural,Bebidas,1,14.9,5.0,0,14.9,5.0,9.9
840,2026-01-26,348,Campinas,Restaurante,Recorrente,Entrada Especial,Entrada,3,39.9,18.0,0.1,107.73,54.0,53.73
841,2026-03-25,151,Belo Horizonte,Restaurante,Recorrente,Burger Clássico,Pratos,1,54.9,25.0,0,54.9,25.0,29.9
842,2026-06-19,61,São Paulo,Delivery,Novo,Suco Natural,Bebidas,1,14.9,5.0,0.05,14.15,5.0,9.15
843,2026-04-09,286,São Paulo,Delivery,Novo,Suco Natural,Bebidas,1,14.9,5.0,0,14.9,5.0,9.9
844,2026-06-18,250,Campinas,Delivery,Recorrente,Salada,Pratos,4,42.9,18.0,0.05,163.02,72.0,91.02
845,2026-07-15,81,Belo Horizonte,Retirada,Recorrente,Prato Grelhado,Pratos,1,69.9,32.0,0.1,62.91,32.0,30.91
846,2026-05-10,32,Rio de Janeiro,Delivery,Recorrente,Entrada Especial,Entrada,1,39.9,18.0,0,39.9,18.0,21.9
847,2026-01-08,195,São Paulo,Retirada,VIP,Entrada Especial,Entrada,1,39.9,18.0,0,39.9,18.0,21.9
848,2026-01-25,127,São Paulo,Delivery,VIP,Refrigerante,Bebidas,1,9.9,3.0,0,9.9,3.0,6.9
849,2026-03-02,87,Rio de Janeiro,Restaurante,Novo,Salada,Pratos,1,42.9,18.0,0,42.9,18.0,24.9
850,2026-01-06,357,Belo Horizonte,Delivery,Recorrente,Sobremesa Chocolate,Sobremesa,1,24.9,9.0,0,24.9,9.0,15.9
851,2026-05-01,414,Rio de Janeiro,Delivery,VIP,Entrada Especial,Entrada,8,39.9,18.0,0,319.2,144.0,175.2
852,2026-05-06,154,Rio de Janeiro,Delivery,Novo,Prato Grelhado,Pratos,2,69.9,32.0,0.1,125.82,64.0,61.82
853,2026-04-04,25,Campinas,Restaurante,Recorrente,Refrigerante,Bebidas,1,9.9,3.0,0,9.9,3.0,6.9
854,2026-03-18,140,São Paulo,Restaurante,VIP,Refrigerante,Bebidas,3,9.9,3.0,0,29.7,9.0,20.7
855,2026-01-18,222,Rio de Janeiro,Restaurante,VIP,Suco Natural,Bebidas,1,14.9,5.0,0,14.9,5.0,9.9
856,2026-06-19,93,Belo Horizonte,Retirada,VIP,Sobremesa Chocolate,Sobremesa,1,24.9,9.0,0.1,22.41,9.0,13.41
857,2026-01-05,415,Belo Horizonte,Retirada,Recorrente,Burger Clássico,Pratos,1,54.9,25.0,0.1,49.41,25.0,24.41
858,2026-06-07,76,Campinas,Restaurante,Recorrente,Refrigerante,Bebidas,5,9.9,3.0,0.05,47.02,15.0,32.02
859,2026-03-03,325,Belo Horizonte,Delivery,Recorrente,Burger Clássico,Pratos,2,54.9,25.0,0,109.8,50.0,59.8
860,2026-02-22,121,Rio de Janeiro,Restaurante,VIP,Refrigerante,Bebidas,1,9.9,3.0,0.1,8.91,3.0,5.91
861,2026-04-14,287,Rio de Janeiro,Restaurante,Recorrente,Frango Grelhado,Pratos,1,59.9,27.0,0.05,56.9,27.0,29.9
862,2026-04-22,133,Rio de Janeiro,Restaurante,Novo,Refrigerante,Bebidas,2,9.9,3.0,0,19.8,6.0,13.8
863,2026-07-22,43,Belo Horizonte,Restaurante,Novo,Salada,Pratos,2,42.9,18.0,0,85.8,36.0,49.8
864,2026-03-22,204,Rio de Janeiro,Delivery,VIP,Salada,Pratos,4,42.9,18.0,0,171.6,72.0,99.6
865,2026-07-05,397,São Paulo,Retirada,VIP,Burger Clássico,Pratos,1,54.9,25.0,0.1,49.41,25.0,24.41
866,2026-05-15,300,São Paulo,Retirada,Recorrente,Salada,Pratos,1,42.9,18.0,0,42.9,18.0,24.9
867,2026-07-08,90,Campinas,Delivery,Novo,Refrigerante,Bebidas,3,9.9,3.0,0,29.7,9.0,20.7
868,2026-02-24,192,São Paulo,Retirada,Recorrente,Salada,Pratos,1,42.9,18.0,0.1,38.61,18.0,20.61
869,2026-06-29,186,Campinas,Retirada,Recorrente,Prato Grelhado,Pratos,1,69.9,32.0,0,69.9,32.0,37.9
870,2026-05-02,354,São Paulo,Retirada,VIP,Sobremesa Chocolate,Sobremesa,3,24.9,9.0,0,74.7,27.0,47.7
871,2026-07-21,274,Rio de Janeiro,Retirada,VIP,Frango Grelhado,Pratos,1,59.9,27.0,0,59.9,27.0,32.9
872,2026-03-02,388,Rio de Janeiro,Delivery,Recorrente,Suco Natural,Bebidas,1,14.9,5.0,0,14.9,5.0,9.9
873,2026-03-02,405,Rio de Janeiro,Delivery,VIP,Salada,Pratos,1,42.9,18.0,0.05,40.75,18.0,22.75
874,2026-01-09,171,Belo Horizonte,Delivery,VIP,Salada,Pratos,4,42.9,18.0,0.05,163.02,72.0,91.02
875,2026-07-03,181,Rio de Janeiro,Restaurante,VIP,Refrigerante,Bebidas,4,9.9,3.0,0,39.6,12.0,27.6
876,2026-04-18,406,Campinas,Restaurante,VIP,Sobremesa Chocolate,Sobremesa,1,24.9,9.0,0.05,23.65,9.0,14.65
877,2026-06-14,57,Rio de Janeiro,Delivery,VIP,Burger Clássico,Pratos,1,54.9,25.0,0,54.9,25.0,29.9
878,2026-02-10,406,Campinas,Retirada,VIP,Frango Grelhado,Pratos,1,59.9,27.0,0.05,56.9,27.0,29.9
879,2026-03-23,168,Campinas,Delivery,VIP,Suco Natural,Bebidas,1,14.9,5.0,0.1,13.41,5.0,8.41
880,2026-07-24,115,Belo Horizonte,Restaurante,Recorrente,Salada,Pratos,1,42.9,18.0,0.1,38.61,18.0,20.61
881,2026-01-06,102,Campinas,Retirada,Novo,Entrada Especial,Entrada,5,39.9,18.0,0.05,189.52,90.0,99.52
882,2026-03-09,189,Rio de Janeiro,Retirada,Novo,Burger Clássico,Pratos,1,54.9,25.0,0,54.9,25.0,29.9
883,2026-02-13,366,Belo Horizonte,Delivery,Novo,Prato Grelhado,Pratos,1,69.9,32.0,0,69.9,32.0,37.9
884,2026-02-22,196,Rio de Janeiro,Delivery,VIP,Frango Grelhado,Pratos,5,59.9,27.0,0.05,284.52,135.0,149.52
885,2026-02-03,210,Campinas,Delivery,Recorrente,Refrigerante,Bebidas,3,9.9,3.0,0,29.7,9.0,20.7
886,2026-07-22,299,Belo Horizonte,Restaurante,Novo,Burger Clássico,Pratos,1,54.9,25.0,0,54.9,25.0,29.9
887,2026-06-25,366,Belo Horizonte,Delivery,VIP,Suco Natural,Bebidas,1,14.9,5.0,0,14.9,5.0,9.9
888,2026-04-09,121,São Paulo,Restaurante,Novo,Refrigerante,Bebidas,2,9.9,3.0,0,19.8,6.0,13.8
889,2026-05-01,259,São Paulo,Retirada,Novo,Sobremesa Chocolate,Sobremesa,11,24.9,9.0,0,273.9,99.0,174.9
890,2026-06-08,298,Campinas,Delivery,VIP,Refrigerante,Bebidas,1,9.9,3.0,0,9.9,3.0,6.9
891,2026-02-15,163,Belo Horizonte,Delivery,Novo,Salada,Pratos,1,42.9,18.0,0,42.9,18.0,24.9
892,2026-07-01,383,Campinas,Restaurante,Recorrente,Refrigerante,Bebidas,1,9.9,3.0,0,9.9,3.0,6.9
893,2026-04-03,224,Rio de Janeiro,Retirada,VIP,Refrigerante,Bebidas,1,9.9,3.0,0,9.9,3.0,6.9
894,2026-02-12,77,Belo Horizonte,Restaurante,Novo,Sobremesa Chocolate,Sobremesa,2,24.9,9.0,0,49.8,18.0,31.8
895,2026-01-14,254,Belo Horizonte,Restaurante,Recorrente,Frango Grelhado,Pratos,1,59.9,27.0,0,59.9,27.0,32.9
896,2026-01-11,369,Belo Horizonte,Delivery,Recorrente,Suco Natural,Bebidas,1,14.9,5.0,0,14.9,5.0,9.9
897,2026-02-07,140,Campinas,Delivery,Novo,Prato Grelhado,Pratos,1,69.9,32.0,0.1,62.91,32.0,30.91
898,2026-05-25,127,Campinas,Retirada,Recorrente,Frango Grelhado,Pratos,1,59.9,27.0,0,59.9,27.0,32.9
899,2026-07-16,202,Rio de Janeiro,Restaurante,VIP,Suco Natural,Bebidas,2,14.9,5.0,0,29.8,10.0,19.8
900,2026-04-06,233,Belo Horizonte,Restaurante,VIP,Prato Grelhado,Pratos,3,69.9,32.0,0.05,199.22,96.0,103.22
901,2026-06-10,67,Belo Horizonte,Retirada,Recorrente,Salada,Pratos,11,42.9,18.0,0.1,424.71,198.0,226.71
902,2026-02-24,196,São Paulo,Restaurante,VIP,Entrada Especial,Entrada,3,39.9,18.0,0.1,107.73,54.0,53.73
903,2026-01-24,84,São Paulo,Delivery,Novo,Refrigerante,Bebidas,1,9.9,3.0,0,9.9,3.0,6.9
904,2026-04-10,252,Campinas,Retirada,Novo,Refrigerante,Bebidas,1,9.9,3.0,0,9.9,3.0,6.9
905,2026-07-25,189,Campinas,Retirada,Recorrente,Refrigerante,Bebidas,2,9.9,3.0,0,19.8,6.0,13.8
906,2026-05-12,217,Rio de Janeiro,Delivery,VIP,Frango Grelhado,Pratos,1,59.9,27.0,0.1,53.91,27.0,26.91
907,2026-01-24,263,Belo Horizonte,Delivery,Novo,Refrigerante,Bebidas,3,9.9,3.0,0,29.7,9.0,20.7
908,2026-03-29,323,Campinas,Retirada,Recorrente,Suco Natural,Bebidas,2,14.9,5.0,0.1,26.82,10.0,16.82
909,2026-06-15,351,Rio de Janeiro,Delivery,Novo,Prato Grelhado,Pratos,1,69.9,32.0,0,69.9,32.0,37.9
910,2026-03-18,56,São Paulo,Restaurante,Novo,Frango Grelhado,Pratos,1,59.9,27.0,0.1,53.91,27.0,26.91
911,2026-05-11,300,Rio de Janeiro,Retirada,Recorrente,Refrigerante,Bebidas,1,9.9,3.0,0,9.9,3.0,6.9
912,2026-01-21,43,Campinas,Restaurante,Recorrente,Entrada Especial,Entrada,1,39.9,18.0,0,39.9,18.0,21.9
913,2026-04-17,175,Belo Horizonte,Retirada,VIP,Salada,Pratos,1,42.9,18.0,0,42.9,18.0,24.9
914,2026-07-27,223,Rio de Janeiro,Retirada,VIP,Burger Clássico,Pratos,1,54.9,25.0,0,54.9,25.0,29.9
915,2026-05-17,337,Belo Horizonte,Restaurante,Recorrente,Entrada Especial,Entrada,1,39.9,18.0,0.05,37.9,18.0,19.9
916,2026-07-10,412,Rio de Janeiro,Retirada,VIP,Suco Natural,Bebidas,1,14.9,5.0,0.05,14.15,5.0,9.15
917,2026-03-19,14,São Paulo,Restaurante,VIP,Prato Grelhado,Pratos,1,69.9,32.0,0,69.9,32.0,37.9
918,2026-02-23,395,Campinas,Delivery,Novo,Suco Natural,Bebidas,2,14.9,5.0,0,29.8,10.0,19.8
919,2026-04-29,249,Campinas,Restaurante,VIP,Burger Clássico,Pratos,1,54.9,25.0,0.05,52.15,25.0,27.15
920,2026-05-01,27,Rio de Janeiro,Restaurante,VIP,Entrada Especial,Entrada,3,39.9,18.0,0.05,113.71,54.0,59.71
921,2026-03-27,306,Belo Horizonte,Delivery,Recorrente,Entrada Especial,Entrada,1,39.9,18.0,0.1,35.91,18.0,17.91
922,2026-07-07,271,Belo Horizonte,Retirada,Novo,Salada,Pratos,1,42.9,18.0,0,42.9,18.0,24.9
923,2026-01-05,254,Belo Horizonte,Delivery,Recorrente,Refrigerante,Bebidas,1,9.9,3.0,0,9.9,3.0,6.9
924,2026-06-09,241,Rio de Janeiro,Restaurante,VIP,Sobremesa Chocolate,Sobremesa,1,24.9,9.0,0,24.9,9.0,15.9
925,2026-03-30,68,Rio de Janeiro,Retirada,VIP,Suco Natural,Bebidas,1,14.9,5.0,0.05,14.15,5.0,9.15
926,2026-03-17,319,Rio de Janeiro,Retirada,Recorrente,Refrigerante,Bebidas,6,9.9,3.0,0,59.4,18.0,41.4
927,2026-02-23,81,Campinas,Delivery,Novo,Salada,Pratos,2,42.9,18.0,0,85.8,36.0,49.8
928,2026-06-05,286,Rio de Janeiro,Delivery,Novo,Suco Natural,Bebidas,1,14.9,5.0,0,14.9,5.0,9.9
929,2026-01-13,17,Campinas,Retirada,Novo,Entrada Especial,Entrada,1,39.9,18.0,0.1,35.91,18.0,17.91
930,2026-07-26,250,São Paulo,Restaurante,VIP,Prato Grelhado,Pratos,1,69.9,32.0,0,69.9,32.0,37.9
931,2026-03-08,310,Rio de Janeiro,Retirada,Novo,Sobremesa Chocolate,Sobremesa,3,24.9,9.0,0.1,67.23,27.0,40.23
932,2026-06-21,401,Belo Horizonte,Delivery,Novo,Prato Grelhado,Pratos,2,69.9,32.0,0,139.8,64.0,75.8
933,2026-06-06,106,Campinas,Restaurante,VIP,Prato Grelhado,Pratos,3,69.9,32.0,0,209.7,96.0,113.7
934,2026-04-03,79,Belo Horizonte,Retirada,VIP,Burger Clássico,Pratos,2,54.9,25.0,0,109.8,50.0,59.8
935,2026-06-15,126,Belo Horizonte,Restaurante,Recorrente,Sobremesa Chocolate,Sobremesa,1,24.9,9.0,0,24.9,9.0,15.9
936,2026-07-27,185,Rio de Janeiro,Restaurante,Recorrente,Suco Natural,Bebidas,1,14.9,5.0,0.05,14.15,5.0,9.15
937,2026-06-11,212,Campinas,Delivery,Novo,Frango Grelhado,Pratos,1,59.9,27.0,0.05,56.9,27.0,29.9
938,2026-04-15,75,Rio de Janeiro,Retirada,Novo,Suco Natural,Bebidas,6,14.9,5.0,0.05,84.93,30.0,54.93
939,2026-07-17,206,São Paulo,Restaurante,Recorrente,Entrada Especial,Entrada,2,39.9,18.0,0,79.8,36.0,43.8
940,2026-07-17,324,Campinas,Restaurante,VIP,Burger Clássico,Pratos,1,54.9,25.0,0,54.9,25.0,29.9
941,2026-07-02,177,Rio de Janeiro,Retirada,VIP,Salada,Pratos,1,42.9,18.0,0,42.9,18.0,24.9
942,2026-01-03,279,Belo Horizonte,Restaurante,Recorrente,Salada,Pratos,4,42.9,18.0,0,171.6,72.0,99.6
943,2026-06-09,44,Belo Horizonte,Retirada,Novo,Suco Natural,Bebidas,2,14.9,5.0,0,29.8,10.0,19.8
944,2026-01-10,262,Rio de Janeiro,Restaurante,Novo,Sobremesa Chocolate,Sobremesa,1,24.9,9.0,0,24.9,9.0,15.9
945,2026-05-22,304,São Paulo,Restaurante,Novo,Salada,Pratos,1,42.9,18.0,0.1,38.61,18.0,20.61
946,2026-03-08,191,São Paulo,Delivery,VIP,Frango Grelhado,Pratos,3,59.9,27.0,0,179.7,81.0,98.7
947,2026-03-08,378,Belo Horizonte,Restaurante,Recorrente,Sobremesa Chocolate,Sobremesa,1,24.9,9.0,0.1,22.41,9.0,13.41
948,2026-01-02,146,Campinas,Retirada,Recorrente,Suco Natural,Bebidas,1,14.9,5.0,0,14.9,5.0,9.9
949,2026-06-20,299,São Paulo,Restaurante,Recorrente,Burger Clássico,Pratos,2,54.9,25.0,0.1,98.82,50.0,48.82
950,2026-02-19,32,Belo Horizonte,Delivery,Novo,Sobremesa Chocolate,Sobremesa,1,24.9,9.0,0,24.9,9.0,15.9
951,2026-04-19,266,Belo Horizonte,Delivery,VIP,Burger Clássico,Pratos,1,54.9,25.0,0.1,49.41,25.0,24.41
952,2026-07-19,375,Belo Horizonte,Retirada,Recorrente,Refrigerante,Bebidas,4,9.9,3.0,0.05,37.62,12.0,25.62
953,2026-04-17,271,Belo Horizonte,Retirada,Novo,Burger Clássico,Pratos,1,54.9,25.0,0.1,49.41,25.0,24.41
954,2026-01-31,210,Rio de Janeiro,Restaurante,Novo,Frango Grelhado,Pratos,1,59.9,27.0,0.1,53.91,27.0,26.91
955,2026-01-29,157,Campinas,Retirada,Novo,Prato Grelhado,Pratos,1,69.9,32.0,0,69.9,32.0,37.9
956,2026-04-06,25,Campinas,Restaurante,VIP,Salada,Pratos,1,42.9,18.0,0.05,40.75,18.0,22.75
957,2026-03-20,179,São Paulo,Delivery,Novo,Salada,Pratos,1,42.9,18.0,0.1,38.61,18.0,20.61
958,2026-01-18,244,Belo Horizonte,Retirada,Recorrente,Entrada Especial,Entrada,1,39.9,18.0,0.05,37.9,18.0,19.9
959,2026-07-04,77,Belo Horizonte,Delivery,VIP,Burger Clássico,Pratos,2,54.9,25.0,0.05,104.31,50.0,54.31
960,2026-07-06,203,Belo Horizonte,Retirada,Recorrente,Sobremesa Chocolate,Sobremesa,1,24.9,9.0,0,24.9,9.0,15.9
961,2026-03-28,85,Rio de Janeiro,Retirada,VIP,Entrada Especial,Entrada,6,39.9,18.0,0,239.4,108.0,131.4
962,2026-07-01,330,Rio de Janeiro,Retirada,VIP,Entrada Especial,Entrada,1,39.9,18.0,0,39.9,18.0,21.9
963,2026-05-24,97,São Paulo,Retirada,VIP,Prato Grelhado,Pratos,1,69.9,32.0,0.1,62.91,32.0,30.91
964,2026-07-12,403,Campinas,Retirada,Novo,Suco Natural,Bebidas,1,14.9,5.0,0,14.9,5.0,9.9
965,2026-02-22,311,Belo Horizonte,Retirada,Novo,Frango Grelhado,Pratos,3,59.9,27.0,0.1,161.73,81.0,80.73
966,2026-03-24,213,Rio de Janeiro,Restaurante,Recorrente,Refrigerante,Bebidas,1,9.9,3.0,0,9.9,3.0,6.9
967,2026-01-07,94,Campinas,Restaurante,Recorrente,Sobremesa Chocolate,Sobremesa,1,24.9,9.0,0,24.9,9.0,15.9
968,2026-03-07,167,Campinas,Retirada,Novo,Prato Grelhado,Pratos,1,69.9,32.0,0.1,62.91,32.0,30.91
969,2026-02-16,166,Rio de Janeiro,Restaurante,Novo,Entrada Especial,Entrada,2,39.9,18.0,0.05,75.81,36.0,39.81
970,2026-03-08,301,Campinas,Restaurante,Novo,Refrigerante,Bebidas,5,9.9,3.0,0.1,44.55,15.0,29.55
971,2026-03-02,238,Rio de Janeiro,Restaurante,Novo,Suco Natural,Bebidas,1,14.9,5.0,0,14.9,5.0,9.9
972,2026-05-22,284,Campinas,Retirada,Novo,Refrigerante,Bebidas,1,9.9,3.0,0,9.9,3.0,6.9
973,2026-05-31,229,Rio de Janeiro,Restaurante,VIP,Prato Grelhado,Pratos,1,69.9,32.0,0.05,66.41,32.0,34.41
974,2026-01-22,217,Campinas,Retirada,Novo,Frango Grelhado,Pratos,3,59.9,27.0,0.1,161.73,81.0,80.73
975,2026-05-23,1,Rio de Janeiro,Retirada,VIP,Suco Natural,Bebidas,1,14.9,5.0,0,14.9,5.0,9.9
976,2026-01-16,300,Belo Horizonte,Retirada,Recorrente,Suco Natural,Bebidas,1,14.9,5.0,0,14.9,5.0,9.9
977,2026-05-11,203,São Paulo,Retirada,Recorrente,Salada,Pratos,1,42.9,18.0,0,42.9,18.0,24.9
978,2026-06-28,259,Belo Horizonte,Delivery,Novo,Prato Grelhado,Pratos,3,69.9,32.0,0.1,188.73,96.0,92.73
979,2026-07-25,140,Rio de Janeiro,Retirada,VIP,Sobremesa Chocolate,Sobremesa,4,24.9,9.0,0.05,94.62,36.0,58.62
980,2026-03-04,331,Rio de Janeiro,Retirada,Novo,Sobremesa Chocolate,Sobremesa,1,24.9,9.0,0,24.9,9.0,15.9
981,2026-01-01,42,Belo Horizonte,Delivery,Recorrente,Suco Natural,Bebidas,13,14.9,5.0,0.1,174.33,65.0,109.33
982,2026-07-21,181,Belo Horizonte,Retirada,VIP,Prato Grelhado,Pratos,1,69.9,32.0,0,69.9,32.0,37.9
983,2026-07-28,190,São Paulo,Restaurante,Novo,Refrigerante,Bebidas,3,9.9,3.0,0.05,28.21,9.0,19.21
984,2026-02-19,418,Rio de Janeiro,Delivery,Novo,Suco Natural,Bebidas,1,14.9,5.0,0,14.9,5.0,9.9
985,2026-06-07,253,Rio de Janeiro,Delivery,Novo,Salada,Pratos,3,42.9,18.0,0,128.7,54.0,74.7
986,2026-06-30,292,Belo Horizonte,Retirada,Novo,Frango Grelhado,Pratos,1,59.9,27.0,0,59.9,27.0,32.9
987,2026-05-09,66,Campinas,Retirada,Novo,Suco Natural,Bebidas,1,14.9,5.0,0.1,13.41,5.0,8.41
988,2026-07-10,355,Rio de Janeiro,Restaurante,Novo,Prato Grelhado,Pratos,1,69.9,32.0,0,69.9,32.0,37.9
989,2026-06-23,166,Belo Horizonte,Restaurante,VIP,Salada,Pratos,2,42.9,18.0,0,85.8,36.0,49.8
990,2026-04-21,389,Belo Horizonte,Delivery,Recorrente,Refrigerante,Bebidas,1,9.9,3.0,0.1,8.91,3.0,5.91
991,2026-01-12,201,Belo Horizonte,Retirada,Recorrente,Frango Grelhado,Pratos,1,59.9,27.0,0,59.9,27.0,32.9
992,2026-02-19,39,Campinas,Restaurante,VIP,Sobremesa Chocolate,Sobremesa,1,24.9,9.0,0.05,23.65,9.0,14.65
993,2026-03-05,222,São Paulo,Retirada,Novo,Frango Grelhado,Pratos,1,59.9,27.0,0.05,56.9,27.0,29.9
994,2026-07-26,243,Rio de Janeiro,Delivery,Novo,Entrada Especial,Entrada,1,39.9,18.0,0,39.9,18.0,21.9
995,2026-03-03,318,Campinas,Retirada,Novo,Sobremesa Chocolate,Sobremesa,3,24.9,9.0,0.1,67.23,27.0,40.23
996,2026-04-23,161,São Paulo,Restaurante,Novo,Prato Grelhado,Pratos,1,69.9,32.0,0.05,66.41,32.0,34.41
997,2026-06-27,321,São Paulo,Delivery,Recorrente,Prato Grelhado,Pratos,3,69.9,32.0,0.1,188.73,96.0,92.73
998,2026-04-21,50,Rio de Janeiro,Restaurante,Recorrente,Prato Grelhado,Pratos,1,69.9,32.0,0.05,66.41,32.0,34.41
999,2026-06-08,238,São Paulo,Retirada,Recorrente,Refrigerante,Bebidas,1,9.9,3.0,0.05,9.4,3.0,6.4
1000,2026-07-23,169,São Paulo,Delivery,Recorrente,Refrigerante,Bebidas,4,9.9,3.0,0.1,35.64,12.0,23.64
1001,2026-05-31,294,São Paulo,Retirada,VIP,Frango Grelhado,Pratos,1,59.9,27.0,0,59.9,27.0,32.9
1002,2026-02-02,71,Belo Horizonte,Retirada,Novo,Salada,Pratos,1,42.9,18.0,0,42.9,18.0,24.9
1003,2026-07-24,278,Rio de Janeiro,Delivery,Recorrente,Entrada Especial,Entrada,1,39.9,18.0,0.1,35.91,18.0,17.91
1004,2026-07-18,266,Rio de Janeiro,Delivery,Recorrente,Burger Clássico,Pratos,1,54.9,25.0,0,54.9,25.0,29.9
1005,2026-05-31,101,São Paulo,Retirada,Recorrente,Burger Clássico,Pratos,1,54.9,25.0,0,54.9,25.0,29.9
1006,2026-02-21,308,Belo Horizonte,Retirada,VIP,Frango Grelhado,Pratos,3,59.9,27.0,0.05,170.71,81.0,89.71
1007,2026-06-27,84,Rio de Janeiro,Delivery,Recorrente,Sobremesa Chocolate,Sobremesa,3,24.9,9.0,0,74.7,27.0,47.7
1008,2026-01-27,355,Campinas,Delivery,Novo,Suco Natural,Bebidas,4,14.9,5.0,0,59.6,20.0,39.6
1009,2026-02-28,106,Rio de Janeiro,Retirada,VIP,Suco Natural,Bebidas,1,14.9,5.0,0.05,14.15,5.0,9.15
1010,2026-04-13,59,Rio de Janeiro,Restaurante,Novo,Burger Clássico,Pratos,13,54.9,25.0,0.1,642.33,325.0,317.33
1011,2026-02-06,102,São Paulo,Delivery,Novo,Salada,Pratos,1,42.9,18.0,0,42.9,18.0,24.9
1012,2026-03-14,92,Rio de Janeiro,Restaurante,VIP,Burger Clássico,Pratos,1,54.9,25.0,0,54.9,25.0,29.9
1013,2026-02-20,195,São Paulo,Restaurante,VIP,Entrada Especial,Entrada,1,39.9,18.0,0,39.9,18.0,21.9
1014,2026-06-17,339,Campinas,Delivery,Recorrente,Prato Grelhado,Pratos,1,69.9,32.0,0,69.9,32.0,37.9
1015,2026-02-13,273,Campinas,Restaurante,Novo,Refrigerante,Bebidas,4,9.9,3.0,0,39.6,12.0,27.6
1016,2026-04-07,301,Campinas,Retirada,Novo,Sobremesa Chocolate,Sobremesa,1,24.9,9.0,0.1,22.41,9.0,13.41
1017,2026-02-18,300,Rio de Janeiro,Restaurante,Novo,Salada,Pratos,3,42.9,18.0,0.1,115.83,54.0,61.83
1018,2026-05-06,199,São Paulo,Retirada,Novo,Frango Grelhado,Pratos,2,59.9,27.0,0.1,107.82,54.0,53.82
1019,2026-07-12,367,Rio de Janeiro,Delivery,VIP,Sobremesa Chocolate,Sobremesa,1,24.9,9.0,0.05,23.65,9.0,14.65
1020,2026-05-07,104,São Paulo,Retirada,Novo,Suco Natural,Bebidas,1,14.9,5.0,0,14.9,5.0,9.9
1021,2026-04-26,282,Campinas,Delivery,Recorrente,Frango Grelhado,Pratos,1,59.9,27.0,0,59.9,27.0,32.9
1022,2026-01-22,22,Rio de Janeiro,Retirada,Novo,Burger Clássico,Pratos,2,54.9,25.0,0.1,98.82,50.0,48.82
1023,2026-04-30,140,Rio de Janeiro,Delivery,Recorrente,Sobremesa Chocolate,Sobremesa,1,24.9,9.0,0,24.9,9.0,15.9
1024,2026-04-08,151,São Paulo,Retirada,Recorrente,Entrada Especial,Entrada,1,39.9,18.0,0,39.9,18.0,21.9
1025,2026-05-09,20,São Paulo,Restaurante,Novo,Prato Grelhado,Pratos,3,69.9,32.0,0,209.7,96.0,113.7
1026,2026-05-20,98,Rio de Janeiro,Delivery,VIP,Frango Grelhado,Pratos,1,59.9,27.0,0,59.9,27.0,32.9
1027,2026-06-30,145,Rio de Janeiro,Retirada,Novo,Burger Clássico,Pratos,12,54.9,25.0,0,658.8,300.0,358.8
1028,2026-03-30,390,São Paulo,Retirada,Recorrente,Refrigerante,Bebidas,5,9.9,3.0,0.1,44.55,15.0,29.55
1029,2026-02-08,301,Belo Horizonte,Restaurante,Novo,Refrigerante,Bebidas,1,9.9,3.0,0.1,8.91,3.0,5.91
1030,2026-07-21,395,Rio de Janeiro,Restaurante,Novo,Suco Natural,Bebidas,2,14.9,5.0,0.05,28.31,10.0,18.31
1031,2026-06-28,296,São Paulo,Retirada,Recorrente,Refrigerante,Bebidas,1,9.9,3.0,0,9.9,3.0,6.9
1032,2026-02-02,218,Rio de Janeiro,Delivery,Novo,Salada,Pratos,25,42.9,18.0,0.05,1018.88,450.0,568.88
1033,2026-06-25,291,Rio de Janeiro,Delivery,VIP,Refrigerante,Bebidas,2,9.9,3.0,0,19.8,6.0,13.8
1034,2026-07-21,201,Belo Horizonte,Delivery,Recorrente,Entrada Especial,Entrada,5,39.9,18.0,0,199.5,90.0,109.5
1035,2026-01-17,48,Belo Horizonte,Retirada,VIP,Refrigerante,Bebidas,1,9.9,3.0,0,9.9,3.0,6.9
1036,2026-02-13,102,Belo Horizonte,Retirada,Novo,Prato Grelhado,Pratos,2,69.9,32.0,0,139.8,64.0,75.8
1037,2026-01-18,189,São Paulo,Retirada,Recorrente,Refrigerante,Bebidas,1,9.9,3.0,0,9.9,3.0,6.9
1038,2026-05-13,67,Belo Horizonte,Delivery,Novo,Entrada Especial,Entrada,1,39.9,18.0,0,39.9,18.0,21.9
1039,2026-05-18,222,Campinas,Restaurante,Novo,Refrigerante,Bebidas,1,9.9,3.0,0,9.9,3.0,6.9
1040,2026-07-29,142,Campinas,Delivery,VIP,Suco Natural,Bebidas,1,14.9,5.0,0.05,14.15,5.0,9.15
1041,2026-02-21,292,Campinas,Delivery,VIP,Entrada Especial,Entrada,9,39.9,18.0,0,359.1,162.0,197.1
1042,2026-05-06,178,Rio de Janeiro,Restaurante,VIP,Suco Natural,Bebidas,1,14.9,5.0,0.05,14.15,5.0,9.15
1043,2026-06-29,317,Belo Horizonte,Restaurante,Novo,Salada,Pratos,1,42.9,18.0,0,42.9,18.0,24.9
1044,2026-07-07,123,São Paulo,Restaurante,Recorrente,Refrigerante,Bebidas,1,9.9,3.0,0,9.9,3.0,6.9
1045,2026-02-10,253,São Paulo,Retirada,VIP,Salada,Pratos,4,42.9,18.0,0,171.6,72.0,99.6
1046,2026-04-16,85,Rio de Janeiro,Restaurante,Recorrente,Prato Grelhado,Pratos,10,69.9,32.0,0.05,664.05,320.0,344.05
1047,2026-03-06,382,Belo Horizonte,Restaurante,Recorrente,Frango Grelhado,Pratos,1,59.9,27.0,0,59.9,27.0,32.9
1048,2026-04-13,249,Campinas,Retirada,Recorrente,Frango Grelhado,Pratos,12,59.9,27.0,0.05,682.86,324.0,358.86
1049,2026-04-29,143,Belo Horizonte,Retirada,Novo,Prato Grelhado,Pratos,1,69.9,32.0,0.05,66.41,32.0,34.41
1050,2026-02-11,380,Rio de Janeiro,Restaurante,Novo,Burger Clássico,Pratos,3,54.9,25.0,0.1,148.23,75.0,73.23
1051,2026-04-11,184,Rio de Janeiro,Retirada,Novo,Burger Clássico,Pratos,1,54.9,25.0,0.05,52.15,25.0,27.15
1052,2026-02-15,326,Campinas,Retirada,Recorrente,Frango Grelhado,Pratos,2,59.9,27.0,0,119.8,54.0,65.8
1053,2026-07-27,393,São Paulo,Restaurante,Novo,Prato Grelhado,Pratos,1,69.9,32.0,0.05,66.41,32.0,34.41
1054,2026-02-21,8,São Paulo,Restaurante,Recorrente,Frango Grelhado,Pratos,1,59.9,27.0,0,59.9,27.0,32.9
1055,2026-03-28,23,Campinas,Restaurante,VIP,Frango Grelhado,Pratos,2,59.9,27.0,0,119.8,54.0,65.8
1056,2026-04-17,278,Campinas,Retirada,VIP,Prato Grelhado,Pratos,3,69.9,32.0,0,209.7,96.0,113.7
1057,2026-04-12,206,Rio de Janeiro,Delivery,Novo,Refrigerante,Bebidas,1,9.9,3.0,0,9.9,3.0,6.9
1058,2026-06-17,333,São Paulo,Restaurante,VIP,Sobremesa Chocolate,Sobremesa,1,24.9,9.0,0,24.9,9.0,15.9
1059,2026-06-09,53,Rio de Janeiro,Delivery,VIP,Sobremesa Chocolate,Sobremesa,1,24.9,9.0,0.05,23.65,9.0,14.65
1060,2026-07-02,171,Belo Horizonte,Delivery,VIP,Burger Clássico,Pratos,1,54.9,25.0,0,54.9,25.0,29.9
1061,2026-02-14,300,Rio de Janeiro,Restaurante,Novo,Sobremesa Chocolate,Sobremesa,7,24.9,9.0,0.1,156.87,63.0,93.87
1062,2026-04-25,316,São Paulo,Retirada,Novo,Refrigerante,Bebidas,1,9.9,3.0,0,9.9,3.0,6.9
1063,2026-07-14,192,São Paulo,Restaurante,Novo,Prato Grelhado,Pratos,1,69.9,32.0,0,69.9,32.0,37.9
1064,2026-05-08,228,São Paulo,Retirada,Novo,Salada,Pratos,1,42.9,18.0,0.1,38.61,18.0,20.61
1065,2026-07-09,385,Belo Horizonte,Restaurante,VIP,Sobremesa Chocolate,Sobremesa,1,24.9,9.0,0,24.9,9.0,15.9
1066,2026-01-07,341,Campinas,Restaurante,VIP,Frango Grelhado,Pratos,3,59.9,27.0,0,179.7,81.0,98.7
1067,2026-03-05,34,Campinas,Delivery,Recorrente,Frango Grelhado,Pratos,1,59.9,27.0,0,59.9,27.0,32.9
1068,2026-05-06,89,Campinas,Restaurante,Novo,Prato Grelhado,Pratos,6,69.9,32.0,0,419.4,192.0,227.4
1069,2026-06-01,370,Belo Horizonte,Retirada,Recorrente,Frango Grelhado,Pratos,1,59.9,27.0,0,59.9,27.0,32.9
1070,2026-02-20,326,Rio de Janeiro,Delivery,VIP,Frango Grelhado,Pratos,1,59.9,27.0,0.05,56.9,27.0,29.9
1071,2026-02-21,242,Belo Horizonte,Delivery,Recorrente,Salada,Pratos,3,42.9,18.0,0,128.7,54.0,74.7
1072,2026-04-23,219,Belo Horizonte,Restaurante,Novo,Refrigerante,Bebidas,1,9.9,3.0,0.05,9.4,3.0,6.4
1073,2026-01-22,238,Campinas,Retirada,Recorrente,Salada,Pratos,1,42.9,18.0,0.05,40.75,18.0,22.75
1074,2026-03-20,367,São Paulo,Delivery,Recorrente,Suco Natural,Bebidas,1,14.9,5.0,0,14.9,5.0,9.9
1075,2026-05-01,213,Rio de Janeiro,Restaurante,Recorrente,Frango Grelhado,Pratos,1,59.9,27.0,0.05,56.9,27.0,29.9
1076,2026-04-12,64,São Paulo,Retirada,Recorrente,Sobremesa Chocolate,Sobremesa,1,24.9,9.0,0,24.9,9.0,15.9
1077,2026-04-09,326,Rio de Janeiro,Delivery,VIP,Burger Clássico,Pratos,1,54.9,25.0,0.05,52.15,25.0,27.15
1078,2026-06-26,18,Campinas,Delivery,Novo,Sobremesa Chocolate,Sobremesa,2,24.9,9.0,0.05,47.31,18.0,29.31
1079,2026-07-28,234,Campinas,Retirada,Recorrente,Sobremesa Chocolate,Sobremesa,1,24.9,9.0,0.1,22.41,9.0,13.41
1080,2026-06-24,395,Campinas,Retirada,Novo,Burger Clássico,Pratos,1,54.9,25.0,0,54.9,25.0,29.9
1081,2026-01-24,219,Campinas,Restaurante,Recorrente,Refrigerante,Bebidas,1,9.9,3.0,0,9.9,3.0,6.9
1082,2026-03-06,386,Rio de Janeiro,Delivery,VIP,Salada,Pratos,1,42.9,18.0,0.05,40.75,18.0,22.75
1083,2026-07-06,384,Campinas,Delivery,Recorrente,Prato Grelhado,Pratos,1,69.9,32.0,0,69.9,32.0,37.9
1084,2026-04-12,397,São Paulo,Delivery,Novo,Salada,Pratos,1,42.9,18.0,0,42.9,18.0,24.9
1085,2026-06-28,192,Belo Horizonte,Retirada,Novo,Refrigerante,Bebidas,1,9.9,3.0,0,9.9,3.0,6.9
1086,2026-02-17,96,Belo Horizonte,Restaurante,VIP,Burger Clássico,Pratos,1,54.9,25.0,0,54.9,25.0,29.9
1087,2026-02-21,321,Rio de Janeiro,Restaurante,Recorrente,Entrada Especial,Entrada,2,39.9,18.0,0.05,75.81,36.0,39.81
1088,2026-06-09,142,São Paulo,Delivery,Recorrente,Prato Grelhado,Pratos,4,69.9,32.0,0,279.6,128.0,151.6
1089,2026-01-17,137,São Paulo,Delivery,Novo,Sobremesa Chocolate,Sobremesa,1,24.9,9.0,0,24.9,9.0,15.9
1090,2026-07-12,406,São Paulo,Restaurante,Novo,Entrada Especial,Entrada,2,39.9,18.0,0.1,71.82,36.0,35.82
1091,2026-01-02,310,Belo Horizonte,Delivery,Recorrente,Refrigerante,Bebidas,1,9.9,3.0,0,9.9,3.0,6.9
1092,2026-04-20,194,Campinas,Delivery,Recorrente,Sobremesa Chocolate,Sobremesa,1,24.9,9.0,0.05,23.65,9.0,14.65
1093,2026-06-06,372,São Paulo,Restaurante,Recorrente,Entrada Especial,Entrada,7,39.9,18.0,0.05,265.33,126.0,139.33
1094,2026-02-05,317,Campinas,Delivery,Recorrente,Entrada Especial,Entrada,1,39.9,18.0,0.05,37.9,18.0,19.9
1095,2026-06-25,24,Rio de Janeiro,Restaurante,Novo,Suco Natural,Bebidas,1,14.9,5.0,0,14.9,5.0,9.9
1096,2026-07-26,407,Belo Horizonte,Delivery,VIP,Sobremesa Chocolate,Sobremesa,2,24.9,9.0,0.1,44.82,18.0,26.82
1097,2026-01-21,151,São Paulo,Delivery,VIP,Sobremesa Chocolate,Sobremesa,1,24.9,9.0,0.05,23.65,9.0,14.65
1098,2026-06-05,408,São Paulo,Retirada,Novo,Frango Grelhado,Pratos,2,59.9,27.0,0.05,113.81,54.0,59.81
1099,2026-01-23,247,Campinas,Delivery,Recorrente,Salada,Pratos,3,42.9,18.0,0,128.7,54.0,74.7
1100,2026-06-19,367,São Paulo,Retirada,Novo,Frango Grelhado,Pratos,1,59.9,27.0,0.05,56.9,27.0,29.9
1101,2026-01-08,341,Rio de Janeiro,Delivery,Novo,Burger Clássico,Pratos,5,54.9,25.0,0,274.5,125.0,149.5
1102,2026-05-02,115,Belo Horizonte,Retirada,Novo,Prato Grelhado,Pratos,2,69.9,32.0,0,139.8,64.0,75.8
1103,2026-05-28,224,Belo Horizonte,Retirada,VIP,Prato Grelhado,Pratos,2,69.9,32.0,0.1,125.82,64.0,61.82
1104,2026-07-26,380,São Paulo,Restaurante,Novo,Frango Grelhado,Pratos,1,59.9,27.0,0,59.9,27.0,32.9
1105,2026-06-01,296,Campinas,Delivery,Recorrente,Frango Grelhado,Pratos,2,59.9,27.0,0.05,113.81,54.0,59.81
1106,2026-07-08,395,Belo Horizonte,Restaurante,Recorrente,Entrada Especial,Entrada,1,39.9,18.0,0,39.9,18.0,21.9
1107,2026-04-04,276,São Paulo,Restaurante,Recorrente,Burger Clássico,Pratos,1,54.9,25.0,0,54.9,25.0,29.9
1108,2026-04-28,76,Belo Horizonte,Restaurante,VIP,Sobremesa Chocolate,Sobremesa,1,24.9,9.0,0.05,23.65,9.0,14.65
1109,2026-06-03,159,São Paulo,Retirada,VIP,Salada,Pratos,1,42.9,18.0,0,42.9,18.0,24.9
1110,2026-05-09,254,Belo Horizonte,Retirada,VIP,Prato Grelhado,Pratos,1,69.9,32.0,0,69.9,32.0,37.9
1111,2026-03-16,359,Campinas,Restaurante,VIP,Refrigerante,Bebidas,1,9.9,3.0,0,9.9,3.0,6.9
1112,2026-07-08,12,Belo Horizonte,Delivery,Recorrente,Entrada Especial,Entrada,5,39.9,18.0,0,199.5,90.0,109.5
1113,2026-05-21,271,Belo Horizonte,Delivery,Recorrente,Refrigerante,Bebidas,1,9.9,3.0,0,9.9,3.0,6.9
1114,2026-07-06,166,Belo Horizonte,Retirada,Novo,Salada,Pratos,1,42.9,18.0,0,42.9,18.0,24.9
1115,2026-07-12,227,Campinas,Delivery,VIP,Entrada Especial,Entrada,3,39.9,18.0,0,119.7,54.0,65.7
1116,2026-06-28,186,Campinas,Restaurante,VIP,Suco Natural,Bebidas,1,14.9,5.0,0,14.9,5.0,9.9
1117,2026-07-05,29,Belo Horizonte,Restaurante,Recorrente,Prato Grelhado,Pratos,2,69.9,32.0,0,139.8,64.0,75.8
1118,2026-01-25,304,São Paulo,Restaurante,VIP,Sobremesa Chocolate,Sobremesa,7,24.9,9.0,0,174.3,63.0,111.3
1119,2026-04-22,251,São Paulo,Restaurante,Novo,Burger Clássico,Pratos,1,54.9,25.0,0.05,52.15,25.0,27.15
1120,2026-03-19,141,São Paulo,Retirada,Recorrente,Burger Clássico,Pratos,2,54.9,25.0,0.05,104.31,50.0,54.31
1121,2026-06-11,116,São Paulo,Restaurante,Recorrente,Suco Natural,Bebidas,1,14.9,5.0,0.1,13.41,5.0,8.41
1122,2026-01-06,331,Campinas,Retirada,Recorrente,Suco Natural,Bebidas,1,14.9,5.0,0.05,14.15,5.0,9.15
1123,2026-06-29,95,São Paulo,Delivery,VIP,Refrigerante,Bebidas,1,9.9,3.0,0.1,8.91,3.0,5.91
1124,2026-04-14,300,Belo Horizonte,Retirada,Novo,Entrada Especial,Entrada,1,39.9,18.0,0.1,35.91,18.0,17.91
1125,2026-05-18,356,São Paulo,Retirada,Novo,Prato Grelhado,Pratos,2,69.9,32.0,0.1,125.82,64.0,61.82
1126,2026-02-16,106,São Paulo,Restaurante,Novo,Entrada Especial,Entrada,1,39.9,18.0,0.1,35.91,18.0,17.91
1127,2026-06-17,153,São Paulo,Restaurante,Novo,Burger Clássico,Pratos,1,54.9,25.0,0.1,49.41,25.0,24.41
1128,2026-04-04,266,Campinas,Restaurante,Recorrente,Burger Clássico,Pratos,1,54.9,25.0,0,54.9,25.0,29.9
1129,2026-07-20,268,Belo Horizonte,Retirada,VIP,Salada,Pratos,2,42.9,18.0,0,85.8,36.0,49.8
1130,2026-04-01,73,Campinas,Restaurante,Novo,Frango Grelhado,Pratos,2,59.9,27.0,0,119.8,54.0,65.8
1131,2026-03-18,374,Rio de Janeiro,Restaurante,Recorrente,Frango Grelhado,Pratos,6,59.9,27.0,0,359.4,162.0,197.4
1132,2026-06-09,43,Campinas,Delivery,Recorrente,Refrigerante,Bebidas,1,9.9,3.0,0.05,9.4,3.0,6.4
1133,2026-03-07,325,São Paulo,Restaurante,VIP,Refrigerante,Bebidas,5,9.9,3.0,0,49.5,15.0,34.5
1134,2026-06-28,162,Campinas,Retirada,Recorrente,Frango Grelhado,Pratos,2,59.9,27.0,0,119.8,54.0,65.8
1135,2026-07-21,273,São Paulo,Restaurante,Recorrente,Refrigerante,Bebidas,1,9.9,3.0,0,9.9,3.0,6.9
1136,2026-01-29,409,Rio de Janeiro,Delivery,Recorrente,Refrigerante,Bebidas,1,9.9,3.0,0,9.9,3.0,6.9
1137,2026-02-27,90,Belo Horizonte,Restaurante,Novo,Salada,Pratos,1,42.9,18.0,0,42.9,18.0,24.9
1138,2026-05-15,145,Rio de Janeiro,Restaurante,VIP,Salada,Pratos,1,42.9,18.0,0.1,38.61,18.0,20.61
1139,2026-05-22,177,Rio de Janeiro,Restaurante,Recorrente,Salada,Pratos,1,42.9,18.0,0,42.9,18.0,24.9
1140,2026-07-26,74,Campinas,Restaurante,VIP,Refrigerante,Bebidas,1,9.9,3.0,0,9.9,3.0,6.9
1141,2026-04-07,215,Campinas,Delivery,VIP,Salada,Pratos,1,42.9,18.0,0.1,38.61,18.0,20.61
1142,2026-06-30,267,Rio de Janeiro,Delivery,Recorrente,Suco Natural,Bebidas,1,14.9,5.0,0.05,14.15,5.0,9.15
1143,2026-07-03,325,Belo Horizonte,Delivery,Recorrente,Frango Grelhado,Pratos,1,59.9,27.0,0,59.9,27.0,32.9
1144,2026-01-21,284,São Paulo,Restaurante,Novo,Prato Grelhado,Pratos,2,69.9,32.0,0,139.8,64.0,75.8
1145,2026-05-07,264,Campinas,Retirada,Recorrente,Entrada Especial,Entrada,6,39.9,18.0,0.05,227.43,108.0,119.43
1146,2026-06-25,360,São Paulo,Retirada,VIP,Prato Grelhado,Pratos,1,69.9,32.0,0.05,66.41,32.0,34.41
1147,2026-05-17,87,São Paulo,Retirada,VIP,Sobremesa Chocolate,Sobremesa,1,24.9,9.0,0.05,23.65,9.0,14.65
1148,2026-06-22,254,Rio de Janeiro,Restaurante,Novo,Frango Grelhado,Pratos,1,59.9,27.0,0.05,56.9,27.0,29.9
1149,2026-04-08,149,Campinas,Retirada,VIP,Burger Clássico,Pratos,1,54.9,25.0,0,54.9,25.0,29.9
1150,2026-03-18,330,Belo Horizonte,Retirada,Novo,Suco Natural,Bebidas,1,14.9,5.0,0,14.9,5.0,9.9
1151,2026-05-12,316,São Paulo,Delivery,Recorrente,Entrada Especial,Entrada,5,39.9,18.0,0,199.5,90.0,109.5
1152,2026-04-28,5,Campinas,Delivery,Recorrente,Sobremesa Chocolate,Sobremesa,1,24.9,9.0,0,24.9,9.0,15.9
1153,2026-01-26,250,Campinas,Retirada,Recorrente,Refrigerante,Bebidas,1,9.9,3.0,0,9.9,3.0,6.9
1154,2026-01-02,187,Belo Horizonte,Delivery,Recorrente,Burger Clássico,Pratos,2,54.9,25.0,0,109.8,50.0,59.8
1155,2026-04-20,182,Belo Horizonte,Delivery,Novo,Burger Clássico,Pratos,1,54.9,25.0,0,54.9,25.0,29.9
1156,2026-07-11,146,Campinas,Retirada,Novo,Refrigerante,Bebidas,1,9.9,3.0,0,9.9,3.0,6.9
1157,2026-01-11,246,Campinas,Restaurante,VIP,Burger Clássico,Pratos,1,54.9,25.0,0,54.9,25.0,29.9
1158,2026-06-20,257,Campinas,Delivery,Recorrente,Salada,Pratos,1,42.9,18.0,0.05,40.75,18.0,22.75
1159,2026-07-05,257,Campinas,Restaurante,Novo,Refrigerante,Bebidas,1,9.9,3.0,0,9.9,3.0,6.9
1160,2026-01-04,149,São Paulo,Delivery,Recorrente,Frango Grelhado,Pratos,1,59.9,27.0,0.05,56.9,27.0,29.9
1161,2026-03-14,96,Campinas,Retirada,VIP,Suco Natural,Bebidas,1,14.9,5.0,0.1,13.41,5.0,8.41
1162,2026-03-05,102,Campinas,Retirada,VIP,Salada,Pratos,2,42.9,18.0,0.05,81.51,36.0,45.51
1163,2026-05-02,118,Campinas,Restaurante,VIP,Prato Grelhado,Pratos,2,69.9,32.0,0,139.8,64.0,75.8
1164,2026-01-31,316,Campinas,Restaurante,Recorrente,Burger Clássico,Pratos,1,54.9,25.0,0,54.9,25.0,29.9
1165,2026-02-21,114,Rio de Janeiro,Retirada,VIP,Prato Grelhado,Pratos,3,69.9,32.0,0,209.7,96.0,113.7
1166,2026-03-28,138,São Paulo,Retirada,Recorrente,Refrigerante,Bebidas,1,9.9,3.0,0,9.9,3.0,6.9
1167,2026-04-04,21,Rio de Janeiro,Restaurante,Novo,Salada,Pratos,5,42.9,18.0,0,214.5,90.0,124.5
1168,2026-01-01,52,Belo Horizonte,Delivery,Recorrente,Entrada Especial,Entrada,2,39.9,18.0,0.1,71.82,36.0,35.82
1169,2026-04-21,343,Rio de Janeiro,Delivery,Novo,Burger Clássico,Pratos,1,54.9,25.0,0,54.9,25.0,29.9
1170,2026-01-04,108,Rio de Janeiro,Delivery,Novo,Burger Clássico,Pratos,1,54.9,25.0,0,54.9,25.0,29.9
1171,2026-05-30,336,São Paulo,Retirada,Novo,Refrigerante,Bebidas,1,9.9,3.0,0.1,8.91,3.0,5.91
1172,2026-07-29,176,São Paulo,Restaurante,VIP,Frango Grelhado,Pratos,1,59.9,27.0,0.1,53.91,27.0,26.91
1173,2026-03-19,99,Campinas,Retirada,Novo,Suco Natural,Bebidas,9,14.9,5.0,0,134.1,45.0,89.1
1174,2026-04-18,323,Rio de Janeiro,Retirada,Recorrente,Salada,Pratos,4,42.9,18.0,0.05,163.02,72.0,91.02
1175,2026-07-03,141,São Paulo,Delivery,Novo,Prato Grelhado,Pratos,4,69.9,32.0,0.1,251.64,128.0,123.64
1176,2026-06-28,254,Campinas,Restaurante,VIP,Burger Clássico,Pratos,1,54.9,25.0,0.05,52.15,25.0,27.15
1177,2026-06-25,140,Belo Horizonte,Delivery,Recorrente,Prato Grelhado,Pratos,1,69.9,32.0,0.1,62.91,32.0,30.91
1178,2026-02-22,258,São Paulo,Retirada,VIP,Burger Clássico,Pratos,1,54.9,25.0,0.05,52.15,25.0,27.15
1179,2026-07-01,88,Rio de Janeiro,Retirada,VIP,Salada,Pratos,1,42.9,18.0,0,42.9,18.0,24.9
1180,2026-02-27,139,Campinas,Retirada,Recorrente,Entrada Especial,Entrada,1,39.9,18.0,0,39.9,18.0,21.9
1181,2026-07-22,324,São Paulo,Restaurante,Novo,Entrada Especial,Entrada,2,39.9,18.0,0,79.8,36.0,43.8
1182,2026-06-04,210,Rio de Janeiro,Retirada,VIP,Sobremesa Chocolate,Sobremesa,1,24.9,9.0,0,24.9,9.0,15.9
1183,2026-06-06,91,Rio de Janeiro,Restaurante,Novo,Salada,Pratos,1,42.9,18.0,0,42.9,18.0,24.9
1184,2026-03-07,335,São Paulo,Retirada,VIP,Entrada Especial,Entrada,1,39.9,18.0,0.05,37.9,18.0,19.9
1185,2026-03-07,80,Campinas,Delivery,VIP,Frango Grelhado,Pratos,3,59.9,27.0,0.05,170.71,81.0,89.71
1186,2026-04-25,93,Belo Horizonte,Restaurante,Novo,Frango Grelhado,Pratos,2,59.9,27.0,0.05,113.81,54.0,59.81
1187,2026-04-28,332,Belo Horizonte,Retirada,VIP,Burger Clássico,Pratos,3,54.9,25.0,0,164.7,75.0,89.7
1188,2026-03-14,37,Campinas,Delivery,Novo,Entrada Especial,Entrada,1,39.9,18.0,0,39.9,18.0,21.9
1189,2026-04-20,71,São Paulo,Delivery,VIP,Frango Grelhado,Pratos,1,59.9,27.0,0.1,53.91,27.0,26.91
1190,2026-07-06,68,São Paulo,Restaurante,Novo,Entrada Especial,Entrada,1,39.9,18.0,0,39.9,18.0,21.9
1191,2026-03-05,278,São Paulo,Retirada,Novo,Prato Grelhado,Pratos,1,69.9,32.0,0,69.9,32.0,37.9
1192,2026-07-08,418,Belo Horizonte,Restaurante,VIP,Sobremesa Chocolate,Sobremesa,3,24.9,9.0,0.05,70.96,27.0,43.96
1193,2026-02-11,64,Rio de Janeiro,Restaurante,VIP,Salada,Pratos,1,42.9,18.0,0.1,38.61,18.0,20.61
1194,2026-01-06,115,Belo Horizonte,Retirada,Novo,Entrada Especial,Entrada,1,39.9,18.0,0,39.9,18.0,21.9
1195,2026-01-07,352,Rio de Janeiro,Retirada,Novo,Frango Grelhado,Pratos,1,59.9,27.0,0.05,56.9,27.0,29.9
1196,2026-07-03,40,São Paulo,Restaurante,Recorrente,Prato Grelhado,Pratos,1,69.9,32.0,0,69.9,32.0,37.9
1197,2026-06-07,92,São Paulo,Restaurante,VIP,Sobremesa Chocolate,Sobremesa,1,24.9,9.0,0,24.9,9.0,15.9
1198,2026-04-20,179,Rio de Janeiro,Restaurante,VIP,Sobremesa Chocolate,Sobremesa,1,24.9,9.0,0,24.9,9.0,15.9
1199,2026-01-27,399,São Paulo,Delivery,Novo,Salada,Pratos,4,42.9,18.0,0,171.6,72.0,99.6
1200,2026-06-17,296,Belo Horizonte,Retirada,Novo,Burger Clássico,Pratos,1,54.9,25.0,0,54.9,25.0,29.9
1201,2026-04-20,164,Campinas,Restaurante,Recorrente,Salada,Pratos,1,42.9,18.0,0,42.9,18.0,24.9
1202,2026-05-07,197,Rio de Janeiro,Retirada,Novo,Refrigerante,Bebidas,1,9.9,3.0,0,9.9,3.0,6.9
1203,2026-04-18,298,Campinas,Retirada,Recorrente,Suco Natural,Bebidas,1,14.9,5.0,0,14.9,5.0,9.9
1204,2026-07-03,121,Campinas,Retirada,VIP,Refrigerante,Bebidas,1,9.9,3.0,0,9.9,3.0,6.9
1205,2026-04-03,31,Belo Horizonte,Delivery,Novo,Entrada Especial,Entrada,1,39.9,18.0,0,39.9,18.0,21.9
1206,2026-03-31,283,Rio de Janeiro,Restaurante,Recorrente,Sobremesa Chocolate,Sobremesa,3,24.9,9.0,0,74.7,27.0,47.7
1207,2026-04-18,194,Campinas,Retirada,Novo,Frango Grelhado,Pratos,1,59.9,27.0,0,59.9,27.0,32.9
1208,2026-07-07,38,São Paulo,Restaurante,VIP,Entrada Especial,Entrada,2,39.9,18.0,0.1,71.82,36.0,35.82
1209,2026-05-03,292,Campinas,Restaurante,Novo,Burger Clássico,Pratos,1,54.9,25.0,0,54.9,25.0,29.9
1210,2026-07-28,358,Campinas,Retirada,VIP,Refrigerante,Bebidas,1,9.9,3.0,0.1,8.91,3.0,5.91
1211,2026-03-18,80,São Paulo,Retirada,Recorrente,Suco Natural,Bebidas,1,14.9,5.0,0,14.9,5.0,9.9
1212,2026-01-16,349,São Paulo,Restaurante,Recorrente,Entrada Especial,Entrada,1,39.9,18.0,0.05,37.9,18.0,19.9
1213,2026-04-27,140,Campinas,Retirada,Recorrente,Salada,Pratos,5,42.9,18.0,0,214.5,90.0,124.5
1214,2026-01-24,113,Belo Horizonte,Restaurante,VIP,Refrigerante,Bebidas,7,9.9,3.0,0,69.3,21.0,48.3
1215,2026-04-11,245,São Paulo,Retirada,VIP,Burger Clássico,Pratos,3,54.9,25.0,0.05,156.46,75.0,81.46
1216,2026-03-22,56,Belo Horizonte,Delivery,Novo,Refrigerante,Bebidas,3,9.9,3.0,0,29.7,9.0,20.7
1217,2026-01-27,84,São Paulo,Delivery,Novo,Prato Grelhado,Pratos,1,69.9,32.0,0,69.9,32.0,37.9
1218,2026-05-19,327,Campinas,Delivery,VIP,Prato Grelhado,Pratos,1,69.9,32.0,0,69.9,32.0,37.9
1219,2026-01-09,24,São Paulo,Retirada,VIP,Frango Grelhado,Pratos,1,59.9,27.0,0.05,56.9,27.0,29.9
1220,2026-01-13,100,Rio de Janeiro,Delivery,Recorrente,Sobremesa Chocolate,Sobremesa,1,24.9,9.0,0.1,22.41,9.0,13.41
1221,2026-03-22,380,São Paulo,Retirada,Recorrente,Refrigerante,Bebidas,2,9.9,3.0,0.05,18.81,6.0,12.81
1222,2026-05-09,20,Belo Horizonte,Restaurante,Recorrente,Prato Grelhado,Pratos,1,69.9,32.0,0.1,62.91,32.0,30.91
1223,2026-03-16,111,São Paulo,Retirada,VIP,Burger Clássico,Pratos,1,54.9,25.0,0,54.9,25.0,29.9
1224,2026-07-26,174,Rio de Janeiro,Retirada,Recorrente,Burger Clássico,Pratos,2,54.9,25.0,0,109.8,50.0,59.8
1225,2026-03-16,313,Belo Horizonte,Restaurante,Novo,Sobremesa Chocolate,Sobremesa,1,24.9,9.0,0,24.9,9.0,15.9
1226,2026-06-05,393,São Paulo,Delivery,Novo,Prato Grelhado,Pratos,6,69.9,32.0,0,419.4,192.0,227.4
1227,2026-03-21,144,Rio de Janeiro,Restaurante,Novo,Prato Grelhado,Pratos,1,69.9,32.0,0,69.9,32.0,37.9
1228,2026-05-28,132,Belo Horizonte,Retirada,Recorrente,Sobremesa Chocolate,Sobremesa,1,24.9,9.0,0.05,23.65,9.0,14.65
1229,2026-07-15,147,Belo Horizonte,Restaurante,Novo,Suco Natural,Bebidas,2,14.9,5.0,0,29.8,10.0,19.8
1230,2026-04-13,320,Belo Horizonte,Restaurante,Recorrente,Refrigerante,Bebidas,3,9.9,3.0,0.1,26.73,9.0,17.73
1231,2026-03-22,318,Rio de Janeiro,Delivery,VIP,Sobremesa Chocolate,Sobremesa,1,24.9,9.0,0,24.9,9.0,15.9
1232,2026-06-14,149,São Paulo,Retirada,Novo,Entrada Especial,Entrada,2,39.9,18.0,0,79.8,36.0,43.8
1233,2026-04-07,179,Belo Horizonte,Restaurante,Recorrente,Burger Clássico,Pratos,1,54.9,25.0,0,54.9,25.0,29.9
1234,2026-04-30,375,São Paulo,Delivery,Novo,Suco Natural,Bebidas,2,14.9,5.0,0,29.8,10.0,19.8
1235,2026-01-28,310,São Paulo,Delivery,Recorrente,Refrigerante,Bebidas,2,9.9,3.0,0,19.8,6.0,13.8
1236,2026-05-05,80,Belo Horizonte,Delivery,Novo,Frango Grelhado,Pratos,2,59.9,27.0,0.1,107.82,54.0,53.82
1237,2026-05-01,405,Belo Horizonte,Restaurante,Novo,Burger Clássico,Pratos,2,54.9,25.0,0,109.8,50.0,59.8
1238,2026-04-21,326,Belo Horizonte,Restaurante,Recorrente,Suco Natural,Bebidas,1,14.9,5.0,0,14.9,5.0,9.9
1239,2026-02-15,215,Rio de Janeiro,Restaurante,VIP,Prato Grelhado,Pratos,1,69.9,32.0,0.05,66.41,32.0,34.41
1240,2026-05-15,386,São Paulo,Restaurante,Recorrente,Frango Grelhado,Pratos,2,59.9,27.0,0,119.8,54.0,65.8
1241,2026-03-18,357,Belo Horizonte,Delivery,VIP,Burger Clássico,Pratos,1,54.9,25.0,0,54.9,25.0,29.9
1242,2026-04-22,316,Campinas,Restaurante,Novo,Sobremesa Chocolate,Sobremesa,4,24.9,9.0,0.1,89.64,36.0,53.64
1243,2026-02-07,235,Rio de Janeiro,Retirada,Novo,Sobremesa Chocolate,Sobremesa,2,24.9,9.0,0,49.8,18.0,31.8
1244,2026-02-07,370,Belo Horizonte,Retirada,Recorrente,Suco Natural,Bebidas,3,14.9,5.0,0.1,40.23,15.0,25.23
1245,2026-01-01,50,Belo Horizonte,Retirada,VIP,Suco Natural,Bebidas,5,14.9,5.0,0.1,67.05,25.0,42.05
1246,2026-01-10,111,Campinas,Retirada,VIP,Frango Grelhado,Pratos,2,59.9,27.0,0.05,113.81,54.0,59.81
1247,2026-03-31,9,São Paulo,Retirada,Recorrente,Frango Grelhado,Pratos,6,59.9,27.0,0,359.4,162.0,197.4
1248,2026-03-19,212,Belo Horizonte,Retirada,VIP,Salada,Pratos,1,42.9,18.0,0.05,40.75,18.0,22.75
1249,2026-04-16,235,Rio de Janeiro,Retirada,Novo,Sobremesa Chocolate,Sobremesa,1,24.9,9.0,0,24.9,9.0,15.9
1250,2026-04-20,338,Belo Horizonte,Retirada,Recorrente,Sobremesa Chocolate,Sobremesa,1,24.9,9.0,0,24.9,9.0,15.9
1251,2026-06-26,333,São Paulo,Restaurante,Novo,Refrigerante,Bebidas,2,9.9,3.0,0,19.8,6.0,13.8
1252,2026-01-05,258,São Paulo,Retirada,VIP,Refrigerante,Bebidas,1,9.9,3.0,0.05,9.4,3.0,6.4
1253,2026-05-29,196,Campinas,Restaurante,Recorrente,Entrada Especial,Entrada,2,39.9,18.0,0.1,71.82,36.0,35.82
1254,2026-01-30,4,Belo Horizonte,Delivery,Recorrente,Frango Grelhado,Pratos,3,59.9,27.0,0.05,170.71,81.0,89.71
1255,2026-04-06,345,Rio de Janeiro,Retirada,Recorrente,Frango Grelhado,Pratos,1,59.9,27.0,0.05,56.9,27.0,29.9
1256,2026-03-03,419,São Paulo,Restaurante,Novo,Entrada Especial,Entrada,4,39.9,18.0,0,159.6,72.0,87.6
1257,2026-05-13,99,Campinas,Delivery,VIP,Sobremesa Chocolate,Sobremesa,1,24.9,9.0,0.05,23.65,9.0,14.65
1258,2026-06-07,373,Belo Horizonte,Retirada,Novo,Refrigerante,Bebidas,3,9.9,3.0,0.05,28.21,9.0,19.21
1259,2026-02-14,259,Campinas,Delivery,Novo,Refrigerante,Bebidas,4,9.9,3.0,0,39.6,12.0,27.6
1260,2026-01-31,48,Campinas,Delivery,Recorrente,Refrigerante,Bebidas,3,9.9,3.0,0,29.7,9.0,20.7
1261,2026-01-24,363,Campinas,Retirada,Novo,Entrada Especial,Entrada,1,39.9,18.0,0.1,35.91,18.0,17.91
1262,2026-05-20,96,Campinas,Retirada,Recorrente,Prato Grelhado,Pratos,1,69.9,32.0,0,69.9,32.0,37.9
1263,2026-03-03,141,Belo Horizonte,Restaurante,Recorrente,Frango Grelhado,Pratos,1,59.9,27.0,0,59.9,27.0,32.9
1264,2026-01-22,306,São Paulo,Retirada,Novo,Burger Clássico,Pratos,1,54.9,25.0,0.05,52.15,25.0,27.15
1265,2026-02-01,186,São Paulo,Restaurante,Novo,Prato Grelhado,Pratos,1,69.9,32.0,0.05,66.41,32.0,34.41
1266,2026-02-23,108,São Paulo,Delivery,Recorrente,Refrigerante,Bebidas,1,9.9,3.0,0,9.9,3.0,6.9
1267,2026-06-25,6,Campinas,Delivery,Novo,Refrigerante,Bebidas,1,9.9,3.0,0,9.9,3.0,6.9
1268,2026-02-15,280,Belo Horizonte,Delivery,VIP,Entrada Especial,Entrada,1,39.9,18.0,0.1,35.91,18.0,17.91
1269,2026-01-02,275,Campinas,Restaurante,VIP,Burger Clássico,Pratos,1,54.9,25.0,0,54.9,25.0,29.9
1270,2026-01-06,113,São Paulo,Restaurante,Recorrente,Burger Clássico,Pratos,1,54.9,25.0,0,54.9,25.0,29.9
1271,2026-01-22,334,Rio de Janeiro,Restaurante,VIP,Burger Clássico,Pratos,1,54.9,25.0,0.1,49.41,25.0,24.41
1272,2026-03-17,89,Belo Horizonte,Retirada,Novo,Suco Natural,Bebidas,2,14.9,5.0,0,29.8,10.0,19.8
1273,2026-02-20,370,Rio de Janeiro,Retirada,Novo,Salada,Pratos,6,42.9,18.0,0,257.4,108.0,149.4
1274,2026-05-05,56,Rio de Janeiro,Retirada,Recorrente,Refrigerante,Bebidas,4,9.9,3.0,0.1,35.64,12.0,23.64
1275,2026-06-05,18,São Paulo,Delivery,Recorrente,Refrigerante,Bebidas,1,9.9,3.0,0,9.9,3.0,6.9
1276,2026-05-11,59,Rio de Janeiro,Retirada,Recorrente,Salada,Pratos,1,42.9,18.0,0,42.9,18.0,24.9
1277,2026-02-16,191,São Paulo,Restaurante,Novo,Sobremesa Chocolate,Sobremesa,1,24.9,9.0,0,24.9,9.0,15.9
1278,2026-02-07,291,Rio de Janeiro,Restaurante,Novo,Sobremesa Chocolate,Sobremesa,1,24.9,9.0,0.05,23.65,9.0,14.65
1279,2026-07-23,270,Rio de Janeiro,Delivery,VIP,Sobremesa Chocolate,Sobremesa,4,24.9,9.0,0,99.6,36.0,63.6
1280,2026-02-25,350,São Paulo,Retirada,VIP,Prato Grelhado,Pratos,1,69.9,32.0,0.05,66.41,32.0,34.41
1281,2026-07-13,24,São Paulo,Restaurante,Recorrente,Refrigerante,Bebidas,1,9.9,3.0,0.05,9.4,3.0,6.4
1282,2026-03-12,122,Rio de Janeiro,Retirada,VIP,Refrigerante,Bebidas,1,9.9,3.0,0.05,9.4,3.0,6.4
1283,2026-05-28,68,São Paulo,Retirada,Recorrente,Entrada Especial,Entrada,1,39.9,18.0,0,39.9,18.0,21.9
1284,2026-04-14,36,Rio de Janeiro,Restaurante,VIP,Entrada Especial,Entrada,4,39.9,18.0,0,159.6,72.0,87.6
1285,2026-05-01,205,Rio de Janeiro,Delivery,Recorrente,Prato Grelhado,Pratos,3,69.9,32.0,0,209.7,96.0,113.7
1286,2026-01-21,192,Belo Horizonte,Delivery,Recorrente,Sobremesa Chocolate,Sobremesa,1,24.9,9.0,0,24.9,9.0,15.9
1287,2026-06-08,353,Campinas,Restaurante,Novo,Prato Grelhado,Pratos,1,69.9,32.0,0,69.9,32.0,37.9
1288,2026-07-05,353,Rio de Janeiro,Retirada,VIP,Refrigerante,Bebidas,1,9.9,3.0,0,9.9,3.0,6.9
1289,2026-01-14,169,Rio de Janeiro,Restaurante,Novo,Salada,Pratos,4,42.9,18.0,0,171.6,72.0,99.6
1290,2026-06-26,164,Belo Horizonte,Restaurante,Novo,Refrigerante,Bebidas,1,9.9,3.0,0,9.9,3.0,6.9
1291,2026-02-07,339,Campinas,Retirada,VIP,Refrigerante,Bebidas,2,9.9,3.0,0.05,18.81,6.0,12.81
1292,2026-05-06,365,São Paulo,Restaurante,Recorrente,Salada,Pratos,1,42.9,18.0,0,42.9,18.0,24.9
1293,2026-01-22,39,Campinas,Retirada,VIP,Sobremesa Chocolate,Sobremesa,1,24.9,9.0,0,24.9,9.0,15.9
1294,2026-05-07,54,Belo Horizonte,Delivery,Novo,Entrada Especial,Entrada,1,39.9,18.0,0.05,37.9,18.0,19.9
1295,2026-03-29,336,Rio de Janeiro,Retirada,Recorrente,Frango Grelhado,Pratos,3,59.9,27.0,0.05,170.71,81.0,89.71
1296,2026-02-09,263,Belo Horizonte,Delivery,Recorrente,Prato Grelhado,Pratos,4,69.9,32.0,0.1,251.64,128.0,123.64
1297,2026-02-21,76,Rio de Janeiro,Restaurante,VIP,Refrigerante,Bebidas,1,9.9,3.0,0,9.9,3.0,6.9
1298,2026-04-29,244,Campinas,Delivery,Recorrente,Prato Grelhado,Pratos,2,69.9,32.0,0,139.8,64.0,75.8
1299,2026-06-19,109,São Paulo,Retirada,Recorrente,Suco Natural,Bebidas,1,14.9,5.0,0.05,14.15,5.0,9.15
1300,2026-02-08,51,Belo Horizonte,Restaurante,Recorrente,Refrigerante,Bebidas,1,9.9,3.0,0,9.9,3.0,6.9
1301,2026-01-13,305,Campinas,Delivery,Recorrente,Refrigerante,Bebidas,2,9.9,3.0,0,19.8,6.0,13.8
1302,2026-03-12,59,Campinas,Restaurante,Novo,Suco Natural,Bebidas,1,14.9,5.0,0,14.9,5.0,9.9
1303,2026-01-14,318,São Paulo,Retirada,Recorrente,Entrada Especial,Entrada,1,39.9,18.0,0,39.9,18.0,21.9
1304,2026-06-29,88,Rio de Janeiro,Retirada,Recorrente,Refrigerante,Bebidas,1,9.9,3.0,0,9.9,3.0,6.9
1305,2026-07-21,49,Rio de Janeiro,Retirada,VIP,Frango Grelhado,Pratos,1,59.9,27.0,0,59.9,27.0,32.9
1306,2026-02-17,349,Campinas,Retirada,Novo,Suco Natural,Bebidas,2,14.9,5.0,0,29.8,10.0,19.8
1307,2026-01-18,220,São Paulo,Restaurante,VIP,Burger Clássico,Pratos,1,54.9,25.0,0.05,52.15,25.0,27.15
1308,2026-03-27,305,Campinas,Restaurante,VIP,Entrada Especial,Entrada,1,39.9,18.0,0,39.9,18.0,21.9
1309,2026-04-01,420,Belo Horizonte,Restaurante,Novo,Suco Natural,Bebidas,1,14.9,5.0,0,14.9,5.0,9.9
1310,2026-01-05,156,Campinas,Restaurante,Novo,Salada,Pratos,3,42.9,18.0,0,128.7,54.0,74.7
1311,2026-07-25,130,Rio de Janeiro,Retirada,VIP,Sobremesa Chocolate,Sobremesa,1,24.9,9.0,0.05,23.65,9.0,14.65
1312,2026-04-04,248,Rio de Janeiro,Retirada,VIP,Suco Natural,Bebidas,1,14.9,5.0,0.1,13.41,5.0,8.41
1313,2026-01-29,338,Campinas,Restaurante,Recorrente,Salada,Pratos,2,42.9,18.0,0,85.8,36.0,49.8
1314,2026-02-06,382,Belo Horizonte,Retirada,Recorrente,Sobremesa Chocolate,Sobremesa,1,24.9,9.0,0,24.9,9.0,15.9
1315,2026-01-23,231,Rio de Janeiro,Restaurante,VIP,Frango Grelhado,Pratos,5,59.9,27.0,0.1,269.55,135.0,134.55
1316,2026-05-15,142,Belo Horizonte,Delivery,VIP,Burger Clássico,Pratos,1,54.9,25.0,0.05,52.15,25.0,27.15
1317,2026-03-21,291,São Paulo,Delivery,Recorrente,Frango Grelhado,Pratos,1,59.9,27.0,0.05,56.9,27.0,29.9
1318,2026-07-22,268,Campinas,Delivery,Recorrente,Sobremesa Chocolate,Sobremesa,1,24.9,9.0,0,24.9,9.0,15.9
1319,2026-03-16,112,São Paulo,Delivery,Recorrente,Burger Clássico,Pratos,1,54.9,25.0,0,54.9,25.0,29.9
1320,2026-03-14,26,Rio de Janeiro,Delivery,VIP,Prato Grelhado,Pratos,1,69.9,32.0,0,69.9,32.0,37.9
1321,2026-03-06,74,Campinas,Retirada,Novo,Burger Clássico,Pratos,1,54.9,25.0,0,54.9,25.0,29.9
1322,2026-07-07,182,Campinas,Delivery,Novo,Frango Grelhado,Pratos,1,59.9,27.0,0.05,56.9,27.0,29.9
1323,2026-03-05,160,Rio de Janeiro,Restaurante,Recorrente,Refrigerante,Bebidas,1,9.9,3.0,0.1,8.91,3.0,5.91
1324,2026-02-14,129,Campinas,Retirada,VIP,Refrigerante,Bebidas,2,9.9,3.0,0,19.8,6.0,13.8
1325,2026-02-04,280,Rio de Janeiro,Restaurante,VIP,Refrigerante,Bebidas,1,9.9,3.0,0.05,9.4,3.0,6.4
1326,2026-02-16,356,Campinas,Restaurante,VIP,Refrigerante,Bebidas,3,9.9,3.0,0.05,28.21,9.0,19.21
1327,2026-03-22,287,Belo Horizonte,Delivery,Recorrente,Sobremesa Chocolate,Sobremesa,1,24.9,9.0,0,24.9,9.0,15.9
1328,2026-01-07,192,Campinas,Delivery,VIP,Refrigerante,Bebidas,1,9.9,3.0,0.1,8.91,3.0,5.91
1329,2026-02-02,237,Belo Horizonte,Restaurante,VIP,Salada,Pratos,1,42.9,18.0,0,42.9,18.0,24.9
1330,2026-07-26,50,São Paulo,Delivery,Recorrente,Suco Natural,Bebidas,3,14.9,5.0,0.1,40.23,15.0,25.23
1331,2026-03-16,265,São Paulo,Restaurante,VIP,Suco Natural,Bebidas,2,14.9,5.0,0,29.8,10.0,19.8
1332,2026-02-06,369,Campinas,Retirada,Recorrente,Suco Natural,Bebidas,1,14.9,5.0,0,14.9,5.0,9.9
1333,2026-01-02,62,São Paulo,Restaurante,Novo,Suco Natural,Bebidas,1,14.9,5.0,0.1,13.41,5.0,8.41
1334,2026-05-14,63,Belo Horizonte,Restaurante,Recorrente,Prato Grelhado,Pratos,1,69.9,32.0,0,69.9,32.0,37.9
1335,2026-03-18,337,Rio de Janeiro,Restaurante,VIP,Refrigerante,Bebidas,1,9.9,3.0,0.05,9.4,3.0,6.4
1336,2026-06-07,88,Campinas,Restaurante,VIP,Prato Grelhado,Pratos,1,69.9,32.0,0,69.9,32.0,37.9
1337,2026-05-11,189,São Paulo,Retirada,VIP,Frango Grelhado,Pratos,1,59.9,27.0,0.05,56.9,27.0,29.9
1338,2026-06-20,76,Belo Horizonte,Restaurante,Recorrente,Salada,Pratos,1,42.9,18.0,0.05,40.75,18.0,22.75
1339,2026-01-08,228,Rio de Janeiro,Restaurante,Novo,Salada,Pratos,1,42.9,18.0,0.1,38.61,18.0,20.61
1340,2026-01-11,82,Belo Horizonte,Retirada,Recorrente,Sobremesa Chocolate,Sobremesa,6,24.9,9.0,0,149.4,54.0,95.4
1341,2026-04-02,181,São Paulo,Delivery,Novo,Frango Grelhado,Pratos,1,59.9,27.0,0,59.9,27.0,32.9
1342,2026-06-17,202,Rio de Janeiro,Restaurante,VIP,Sobremesa Chocolate,Sobremesa,1,24.9,9.0,0,24.9,9.0,15.9
1343,2026-01-18,398,Campinas,Retirada,VIP,Suco Natural,Bebidas,1,14.9,5.0,0.1,13.41,5.0,8.41
1344,2026-06-18,207,Rio de Janeiro,Retirada,VIP,Salada,Pratos,1,42.9,18.0,0.1,38.61,18.0,20.61
1345,2026-01-18,256,São Paulo,Restaurante,VIP,Entrada Especial,Entrada,1,39.9,18.0,0,39.9,18.0,21.9
1346,2026-06-23,373,Campinas,Retirada,Novo,Suco Natural,Bebidas,1,14.9,5.0,0,14.9,5.0,9.9
1347,2026-04-09,227,São Paulo,Delivery,Novo,Refrigerante,Bebidas,5,9.9,3.0,0,49.5,15.0,34.5
1348,2026-07-15,194,Rio de Janeiro,Restaurante,Novo,Sobremesa Chocolate,Sobremesa,1,24.9,9.0,0.05,23.65,9.0,14.65
1349,2026-02-04,380,Rio de Janeiro,Retirada,Novo,Frango Grelhado,Pratos,1,59.9,27.0,0,59.9,27.0,32.9
1350,2026-02-11,323,São Paulo,Restaurante,VIP,Refrigerante,Bebidas,3,9.9,3.0,0,29.7,9.0,20.7
1351,2026-06-21,280,Rio de Janeiro,Restaurante,Recorrente,Prato Grelhado,Pratos,1,69.9,32.0,0.1,62.91,32.0,30.91
1352,2026-01-19,293,Belo Horizonte,Retirada,Novo,Sobremesa Chocolate,Sobremesa,1,24.9,9.0,0,24.9,9.0,15.9
1353,2026-05-02,321,São Paulo,Restaurante,Recorrente,Sobremesa Chocolate,Sobremesa,1,24.9,9.0,0.05,23.65,9.0,14.65
1354,2026-04-07,256,Rio de Janeiro,Retirada,Novo,Prato Grelhado,Pratos,1,69.9,32.0,0,69.9,32.0,37.9
1355,2026-03-01,361,Rio de Janeiro,Restaurante,Recorrente,Entrada Especial,Entrada,1,39.9,18.0,0.05,37.9,18.0,19.9
1356,2026-04-02,124,São Paulo,Delivery,VIP,Prato Grelhado,Pratos,4,69.9,32.0,0.1,251.64,128.0,123.64
1357,2026-05-13,135,São Paulo,Retirada,VIP,Salada,Pratos,1,42.9,18.0,0.05,40.75,18.0,22.75
1358,2026-06-17,105,Rio de Janeiro,Restaurante,Novo,Entrada Especial,Entrada,1,39.9,18.0,0,39.9,18.0,21.9
1359,2026-05-21,413,Campinas,Restaurante,Recorrente,Sobremesa Chocolate,Sobremesa,5,24.9,9.0,0,124.5,45.0,79.5
1360,2026-05-25,67,São Paulo,Delivery,VIP,Entrada Especial,Entrada,1,39.9,18.0,0.05,37.9,18.0,19.9
1361,2026-03-11,156,Rio de Janeiro,Restaurante,Recorrente,Entrada Especial,Entrada,1,39.9,18.0,0.05,37.9,18.0,19.9
1362,2026-07-20,283,Belo Horizonte,Restaurante,VIP,Frango Grelhado,Pratos,1,59.9,27.0,0,59.9,27.0,32.9
1363,2026-05-04,282,Belo Horizonte,Restaurante,VIP,Entrada Especial,Entrada,1,39.9,18.0,0.05,37.9,18.0,19.9
1364,2026-02-05,224,Rio de Janeiro,Delivery,Novo,Prato Grelhado,Pratos,1,69.9,32.0,0,69.9,32.0,37.9
1365,2026-01-15,291,Belo Horizonte,Restaurante,VIP,Frango Grelhado,Pratos,1,59.9,27.0,0.1,53.91,27.0,26.91
1366,2026-01-12,225,São Paulo,Restaurante,Novo,Entrada Especial,Entrada,4,39.9,18.0,0,159.6,72.0,87.6
1367,2026-02-16,311,Campinas,Retirada,Recorrente,Salada,Pratos,1,42.9,18.0,0,42.9,18.0,24.9
1368,2026-04-12,254,Rio de Janeiro,Restaurante,VIP,Suco Natural,Bebidas,2,14.9,5.0,0,29.8,10.0,19.8
1369,2026-06-30,150,Rio de Janeiro,Delivery,Recorrente,Sobremesa Chocolate,Sobremesa,4,24.9,9.0,0.1,89.64,36.0,53.64
1370,2026-06-17,211,São Paulo,Retirada,Novo,Frango Grelhado,Pratos,1,59.9,27.0,0,59.9,27.0,32.9
1371,2026-06-30,108,Campinas,Restaurante,Recorrente,Suco Natural,Bebidas,1,14.9,5.0,0.1,13.41,5.0,8.41
1372,2026-02-01,333,Campinas,Restaurante,VIP,Sobremesa Chocolate,Sobremesa,2,24.9,9.0,0.05,47.31,18.0,29.31
1373,2026-07-15,197,Rio de Janeiro,Restaurante,Recorrente,Suco Natural,Bebidas,6,14.9,5.0,0.1,80.46,30.0,50.46
1374,2026-03-18,197,Belo Horizonte,Delivery,Novo,Prato Grelhado,Pratos,1,69.9,32.0,0.05,66.41,32.0,34.41
1375,2026-04-24,339,Belo Horizonte,Retirada,VIP,Entrada Especial,Entrada,1,39.9,18.0,0,39.9,18.0,21.9
1376,2026-03-20,111,Rio de Janeiro,Restaurante,Recorrente,Entrada Especial,Entrada,1,39.9,18.0,0.1,35.91,18.0,17.91
1377,2026-07-13,414,Belo Horizonte,Delivery,VIP,Entrada Especial,Entrada,1,39.9,18.0,0,39.9,18.0,21.9
1378,2026-01-28,369,Belo Horizonte,Delivery,Recorrente,Refrigerante,Bebidas,6,9.9,3.0,0.1,53.46,18.0,35.46
1379,2026-05-26,144,Campinas,Retirada,Novo,Salada,Pratos,1,42.9,18.0,0,42.9,18.0,24.9
1380,2026-07-24,203,Rio de Janeiro,Retirada,Recorrente,Salada,Pratos,1,42.9,18.0,0.1,38.61,18.0,20.61
1381,2026-01-10,292,São Paulo,Retirada,Novo,Salada,Pratos,1,42.9,18.0,0,42.9,18.0,24.9
1382,2026-06-19,5,Belo Horizonte,Delivery,Novo,Sobremesa Chocolate,Sobremesa,3,24.9,9.0,0.05,70.96,27.0,43.96
1383,2026-04-30,297,Campinas,Retirada,Recorrente,Entrada Especial,Entrada,6,39.9,18.0,0,239.4,108.0,131.4
1384,2026-01-21,393,Belo Horizonte,Restaurante,Novo,Salada,Pratos,4,42.9,18.0,0,171.6,72.0,99.6
1385,2026-07-21,336,Campinas,Restaurante,Novo,Salada,Pratos,1,42.9,18.0,0.1,38.61,18.0,20.61
1386,2026-01-13,22,Belo Horizonte,Retirada,VIP,Frango Grelhado,Pratos,1,59.9,27.0,0,59.9,27.0,32.9
1387,2026-05-22,277,Rio de Janeiro,Delivery,Novo,Frango Grelhado,Pratos,1,59.9,27.0,0,59.9,27.0,32.9
1388,2026-07-03,40,Belo Horizonte,Restaurante,Novo,Entrada Especial,Entrada,1,39.9,18.0,0.1,35.91,18.0,17.91
1389,2026-03-02,145,Belo Horizonte,Retirada,Novo,Frango Grelhado,Pratos,1,59.9,27.0,0.05,56.9,27.0,29.9
1390,2026-02-06,241,Belo Horizonte,Delivery,VIP,Entrada Especial,Entrada,1,39.9,18.0,0,39.9,18.0,21.9
1391,2026-03-17,109,São Paulo,Restaurante,Novo,Entrada Especial,Entrada,1,39.9,18.0,0.1,35.91,18.0,17.91
1392,2026-07-26,299,Rio de Janeiro,Retirada,Novo,Sobremesa Chocolate,Sobremesa,1,24.9,9.0,0.05,23.65,9.0,14.65
1393,2026-01-09,258,São Paulo,Restaurante,Novo,Burger Clássico,Pratos,1,54.9,25.0,0.1,49.41,25.0,24.41
1394,2026-05-28,338,São Paulo,Retirada,VIP,Refrigerante,Bebidas,1,9.9,3.0,0.05,9.4,3.0,6.4
1395,2026-05-15,125,Rio de Janeiro,Retirada,Novo,Suco Natural,Bebidas,1,14.9,5.0,0,14.9,5.0,9.9
1396,2026-07-24,186,Campinas,Restaurante,Recorrente,Sobremesa Chocolate,Sobremesa,1,24.9,9.0,0.05,23.65,9.0,14.65
1397,2026-01-21,230,Belo Horizonte,Delivery,VIP,Sobremesa Chocolate,Sobremesa,1,24.9,9.0,0,24.9,9.0,15.9
1398,2026-07-21,341,Campinas,Restaurante,Recorrente,Refrigerante,Bebidas,1,9.9,3.0,0.1,8.91,3.0,5.91
1399,2026-02-05,259,São Paulo,Restaurante,Recorrente,Salada,Pratos,3,42.9,18.0,0.05,122.26,54.0,68.26
1400,2026-02-07,62,Belo Horizonte,Restaurante,Novo,Suco Natural,Bebidas,2,14.9,5.0,0,29.8,10.0,19.8
1401,2026-04-18,221,São Paulo,Delivery,Novo,Salada,Pratos,2,42.9,18.0,0,85.8,36.0,49.8
1402,2026-01-07,66,Belo Horizonte,Retirada,Recorrente,Burger Clássico,Pratos,9,54.9,25.0,0,494.1,225.0,269.1
1403,2026-04-13,38,São Paulo,Delivery,VIP,Frango Grelhado,Pratos,2,59.9,27.0,0,119.8,54.0,65.8
1404,2026-07-09,149,Belo Horizonte,Retirada,VIP,Sobremesa Chocolate,Sobremesa,5,24.9,9.0,0.05,118.27,45.0,73.27
1405,2026-07-13,304,São Paulo,Retirada,Novo,Suco Natural,Bebidas,2,14.9,5.0,0,29.8,10.0,19.8
1406,2026-06-01,370,Belo Horizonte,Delivery,Novo,Sobremesa Chocolate,Sobremesa,2,24.9,9.0,0.1,44.82,18.0,26.82
1407,2026-05-31,289,Belo Horizonte,Delivery,Recorrente,Salada,Pratos,5,42.9,18.0,0,214.5,90.0,124.5
1408,2026-05-13,221,Campinas,Restaurante,Novo,Refrigerante,Bebidas,1,9.9,3.0,0,9.9,3.0,6.9
1409,2026-05-13,61,Rio de Janeiro,Restaurante,Recorrente,Salada,Pratos,1,42.9,18.0,0,42.9,18.0,24.9
1410,2026-03-15,386,Rio de Janeiro,Restaurante,Recorrente,Salada,Pratos,1,42.9,18.0,0.1,38.61,18.0,20.61
1411,2026-01-28,21,Campinas,Restaurante,Novo,Frango Grelhado,Pratos,2,59.9,27.0,0.1,107.82,54.0,53.82
1412,2026-05-19,293,Rio de Janeiro,Restaurante,Novo,Frango Grelhado,Pratos,1,59.9,27.0,0,59.9,27.0,32.9
1413,2026-04-20,228,São Paulo,Delivery,VIP,Suco Natural,Bebidas,1,14.9,5.0,0,14.9,5.0,9.9
1414,2026-04-21,382,São Paulo,Delivery,Recorrente,Suco Natural,Bebidas,1,14.9,5.0,0,14.9,5.0,9.9
1415,2026-07-23,323,Rio de Janeiro,Retirada,Recorrente,Frango Grelhado,Pratos,2,59.9,27.0,0.05,113.81,54.0,59.81
1416,2026-07-08,163,Belo Horizonte,Restaurante,Novo,Prato Grelhado,Pratos,2,69.9,32.0,0.1,125.82,64.0,61.82
1417,2026-02-18,113,Campinas,Restaurante,VIP,Entrada Especial,Entrada,5,39.9,18.0,0.05,189.52,90.0,99.52
1418,2026-06-22,102,Belo Horizonte,Restaurante,Recorrente,Frango Grelhado,Pratos,1,59.9,27.0,0,59.9,27.0,32.9
1419,2026-06-12,35,Campinas,Retirada,Novo,Prato Grelhado,Pratos,6,69.9,32.0,0.05,398.43,192.0,206.43
1420,2026-05-06,324,Rio de Janeiro,Retirada,VIP,Frango Grelhado,Pratos,2,59.9,27.0,0.05,113.81,54.0,59.81
1421,2026-05-30,150,Campinas,Retirada,Recorrente,Frango Grelhado,Pratos,2,59.9,27.0,0,119.8,54.0,65.8
1422,2026-06-21,152,Rio de Janeiro,Retirada,VIP,Suco Natural,Bebidas,1,14.9,5.0,0.05,14.15,5.0,9.15
1423,2026-01-25,127,Belo Horizonte,Delivery,Recorrente,Frango Grelhado,Pratos,1,59.9,27.0,0,59.9,27.0,32.9
1424,2026-06-19,361,São Paulo,Delivery,Recorrente,Refrigerante,Bebidas,1,9.9,3.0,0.05,9.4,3.0,6.4
1425,2026-02-02,15,Belo Horizonte,Retirada,VIP,Suco Natural,Bebidas,3,14.9,5.0,0,44.7,15.0,29.7
1426,2026-03-16,134,São Paulo,Delivery,VIP,Salada,Pratos,1,42.9,18.0,0,42.9,18.0,24.9
1427,2026-06-22,138,Belo Horizonte,Delivery,Recorrente,Sobremesa Chocolate,Sobremesa,1,24.9,9.0,0,24.9,9.0,15.9
1428,2026-05-05,294,Belo Horizonte,Delivery,Recorrente,Frango Grelhado,Pratos,1,59.9,27.0,0,59.9,27.0,32.9
1429,2026-02-12,277,Rio de Janeiro,Retirada,Novo,Frango Grelhado,Pratos,3,59.9,27.0,0.1,161.73,81.0,80.73
1430,2026-01-06,33,Rio de Janeiro,Retirada,Recorrente,Entrada Especial,Entrada,3,39.9,18.0,0.1,107.73,54.0,53.73
1431,2026-06-17,368,Campinas,Restaurante,VIP,Entrada Especial,Entrada,1,39.9,18.0,0.05,37.9,18.0,19.9
1432,2026-02-28,376,Belo Horizonte,Delivery,Novo,Salada,Pratos,3,42.9,18.0,0.1,115.83,54.0,61.83
1433,2026-03-05,406,São Paulo,Retirada,VIP,Entrada Especial,Entrada,1,39.9,18.0,0.05,37.9,18.0,19.9
1434,2026-05-05,384,Campinas,Restaurante,Novo,Entrada Especial,Entrada,1,39.9,18.0,0,39.9,18.0,21.9
1435,2026-02-01,38,Rio de Janeiro,Retirada,Novo,Refrigerante,Bebidas,2,9.9,3.0,0,19.8,6.0,13.8
1436,2026-05-10,406,Campinas,Retirada,Novo,Refrigerante,Bebidas,1,9.9,3.0,0.1,8.91,3.0,5.91
1437,2026-04-11,155,Belo Horizonte,Delivery,VIP,Frango Grelhado,Pratos,3,59.9,27.0,0,179.7,81.0,98.7
1438,2026-03-12,220,Belo Horizonte,Retirada,Recorrente,Suco Natural,Bebidas,1,14.9,5.0,0,14.9,5.0,9.9
1439,2026-01-24,260,Rio de Janeiro,Delivery,VIP,Frango Grelhado,Pratos,6,59.9,27.0,0.1,323.46,162.0,161.46
1440,2026-03-04,232,Rio de Janeiro,Delivery,VIP,Refrigerante,Bebidas,1,9.9,3.0,0,9.9,3.0,6.9
1441,2026-02-27,330,Belo Horizonte,Delivery,VIP,Entrada Especial,Entrada,1,39.9,18.0,0,39.9,18.0,21.9
1442,2026-03-21,107,São Paulo,Restaurante,VIP,Sobremesa Chocolate,Sobremesa,1,24.9,9.0,0,24.9,9.0,15.9
1443,2026-05-06,130,Campinas,Delivery,Novo,Frango Grelhado,Pratos,1,59.9,27.0,0.05,56.9,27.0,29.9
1444,2026-04-16,307,Rio de Janeiro,Restaurante,VIP,Salada,Pratos,2,42.9,18.0,0.1,77.22,36.0,41.22
1445,2026-04-15,161,Belo Horizonte,Retirada,VIP,Entrada Especial,Entrada,1,39.9,18.0,0.05,37.9,18.0,19.9
1446,2026-06-16,359,São Paulo,Retirada,Novo,Frango Grelhado,Pratos,1,59.9,27.0,0.05,56.9,27.0,29.9
1447,2026-01-20,225,São Paulo,Retirada,Novo,Refrigerante,Bebidas,1,9.9,3.0,0,9.9,3.0,6.9
1448,2026-01-30,215,Belo Horizonte,Retirada,Novo,Entrada Especial,Entrada,4,39.9,18.0,0.1,143.64,72.0,71.64
1449,2026-04-13,315,Rio de Janeiro,Delivery,VIP,Entrada Especial,Entrada,1,39.9,18.0,0,39.9,18.0,21.9
1450,2026-04-06,129,Rio de Janeiro,Restaurante,VIP,Burger Clássico,Pratos,1,54.9,25.0,0.1,49.41,25.0,24.41
1451,2026-05-01,367,Campinas,Retirada,Novo,Suco Natural,Bebidas,1,14.9,5.0,0.1,13.41,5.0,8.41
1452,2026-05-02,360,São Paulo,Delivery,Novo,Entrada Especial,Entrada,1,39.9,18.0,0,39.9,18.0,21.9
1453,2026-02-18,240,São Paulo,Delivery,Novo,Frango Grelhado,Pratos,2,59.9,27.0,0.1,107.82,54.0,53.82
1454,2026-06-02,99,Rio de Janeiro,Restaurante,VIP,Burger Clássico,Pratos,1,54.9,25.0,0,54.9,25.0,29.9
1455,2026-03-12,393,Rio de Janeiro,Retirada,Recorrente,Salada,Pratos,3,42.9,18.0,0.1,115.83,54.0,61.83
1456,2026-04-14,53,São Paulo,Restaurante,VIP,Salada,Pratos,1,42.9,18.0,0,42.9,18.0,24.9
1457,2026-07-07,331,Campinas,Restaurante,VIP,Frango Grelhado,Pratos,1,59.9,27.0,0.1,53.91,27.0,26.91
1458,2026-07-16,343,Rio de Janeiro,Retirada,VIP,Refrigerante,Bebidas,1,9.9,3.0,0.1,8.91,3.0,5.91
1459,2026-05-02,74,São Paulo,Restaurante,VIP,Frango Grelhado,Pratos,1,59.9,27.0,0,59.9,27.0,32.9
1460,2026-02-12,218,Campinas,Restaurante,VIP,Suco Natural,Bebidas,4,14.9,5.0,0.05,56.62,20.0,36.62
1461,2026-06-20,194,Campinas,Restaurante,VIP,Suco Natural,Bebidas,1,14.9,5.0,0.05,14.15,5.0,9.15
1462,2026-07-18,310,Rio de Janeiro,Retirada,VIP,Refrigerante,Bebidas,2,9.9,3.0,0,19.8,6.0,13.8
1463,2026-02-24,227,Campinas,Retirada,Recorrente,Burger Clássico,Pratos,5,54.9,25.0,0.1,247.05,125.0,122.05
1464,2026-05-06,188,Rio de Janeiro,Delivery,Novo,Salada,Pratos,2,42.9,18.0,0,85.8,36.0,49.8
1465,2026-04-30,92,Campinas,Retirada,Recorrente,Sobremesa Chocolate,Sobremesa,2,24.9,9.0,0,49.8,18.0,31.8
1466,2026-07-11,169,São Paulo,Restaurante,VIP,Entrada Especial,Entrada,1,39.9,18.0,0,39.9,18.0,21.9
1467,2026-01-25,329,Rio de Janeiro,Restaurante,Novo,Sobremesa Chocolate,Sobremesa,4,24.9,9.0,0,99.6,36.0,63.6
1468,2026-05-03,293,Rio de Janeiro,Delivery,VIP,Refrigerante,Bebidas,1,9.9,3.0,0,9.9,3.0,6.9
1469,2026-01-08,414,Campinas,Delivery,Recorrente,Suco Natural,Bebidas,11,14.9,5.0,0.1,147.51,55.0,92.51
1470,2026-01-27,68,Campinas,Retirada,VIP,Entrada Especial,Entrada,1,39.9,18.0,0,39.9,18.0,21.9
1471,2026-01-22,279,São Paulo,Delivery,Recorrente,Refrigerante,Bebidas,3,9.9,3.0,0,29.7,9.0,20.7
1472,2026-03-13,301,Rio de Janeiro,Delivery,VIP,Frango Grelhado,Pratos,2,59.9,27.0,0,119.8,54.0,65.8
1473,2026-07-04,34,Belo Horizonte,Delivery,VIP,Sobremesa Chocolate,Sobremesa,1,24.9,9.0,0,24.9,9.0,15.9
1474,2026-02-19,102,São Paulo,Delivery,Recorrente,Burger Clássico,Pratos,2,54.9,25.0,0.1,98.82,50.0,48.82
1475,2026-06-26,180,Rio de Janeiro,Restaurante,Recorrente,Refrigerante,Bebidas,1,9.9,3.0,0.1,8.91,3.0,5.91
1476,2026-01-31,47,Belo Horizonte,Restaurante,Novo,Sobremesa Chocolate,Sobremesa,1,24.9,9.0,0,24.9,9.0,15.9
1477,2026-02-16,327,Campinas,Restaurante,Novo,Prato Grelhado,Pratos,1,69.9,32.0,0,69.9,32.0,37.9
1478,2026-04-06,383,Rio de Janeiro,Restaurante,VIP,Suco Natural,Bebidas,1,14.9,5.0,0,14.9,5.0,9.9
1479,2026-07-13,290,Campinas,Delivery,Recorrente,Burger Clássico,Pratos,1,54.9,25.0,0,54.9,25.0,29.9
1480,2026-03-22,358,Campinas,Restaurante,Recorrente,Refrigerante,Bebidas,1,9.9,3.0,0,9.9,3.0,6.9
1481,2026-04-23,231,Rio de Janeiro,Delivery,VIP,Salada,Pratos,1,42.9,18.0,0.1,38.61,18.0,20.61
1482,2026-06-11,108,Campinas,Delivery,VIP,Burger Clássico,Pratos,1,54.9,25.0,0.1,49.41,25.0,24.41
1483,2026-06-29,283,Campinas,Delivery,Recorrente,Refrigerante,Bebidas,1,9.9,3.0,0.1,8.91,3.0,5.91
1484,2026-07-10,17,Campinas,Delivery,Recorrente,Salada,Pratos,1,42.9,18.0,0,42.9,18.0,24.9
1485,2026-01-30,338,Rio de Janeiro,Delivery,VIP,Burger Clássico,Pratos,1,54.9,25.0,0.05,52.15,25.0,27.15
1486,2026-05-31,244,São Paulo,Delivery,Novo,Entrada Especial,Entrada,1,39.9,18.0,0.05,37.9,18.0,19.9
1487,2026-03-27,280,Rio de Janeiro,Delivery,Novo,Sobremesa Chocolate,Sobremesa,2,24.9,9.0,0.05,47.31,18.0,29.31
1488,2026-02-17,243,Belo Horizonte,Retirada,VIP,Entrada Especial,Entrada,1,39.9,18.0,0.05,37.9,18.0,19.9
1489,2026-03-04,120,Belo Horizonte,Delivery,Recorrente,Salada,Pratos,2,42.9,18.0,0,85.8,36.0,49.8
1490,2026-07-15,84,Belo Horizonte,Retirada,VIP,Prato Grelhado,Pratos,1,69.9,32.0,0,69.9,32.0,37.9
1491,2026-05-12,67,Campinas,Retirada,VIP,Burger Clássico,Pratos,5,54.9,25.0,0,274.5,125.0,149.5
1492,2026-06-19,235,Rio de Janeiro,Restaurante,Novo,Sobremesa Chocolate,Sobremesa,3,24.9,9.0,0,74.7,27.0,47.7
1493,2026-04-12,42,Campinas,Restaurante,Recorrente,Burger Clássico,Pratos,1,54.9,25.0,0,54.9,25.0,29.9
1494,2026-02-17,398,Campinas,Retirada,Novo,Frango Grelhado,Pratos,3,59.9,27.0,0.1,161.73,81.0,80.73
1495,2026-04-06,242,Belo Horizonte,Delivery,VIP,Entrada Especial,Entrada,1,39.9,18.0,0,39.9,18.0,21.9
1496,2026-06-21,391,Belo Horizonte,Restaurante,Novo,Refrigerante,Bebidas,3,9.9,3.0,0,29.7,9.0,20.7
1497,2026-02-04,274,Belo Horizonte,Retirada,VIP,Refrigerante,Bebidas,2,9.9,3.0,0.05,18.81,6.0,12.81
1498,2026-01-19,92,São Paulo,Retirada,Novo,Sobremesa Chocolate,Sobremesa,1,24.9,9.0,0.1,22.41,9.0,13.41
1499,2026-07-16,71,Belo Horizonte,Restaurante,Novo,Frango Grelhado,Pratos,1,59.9,27.0,0,59.9,27.0,32.9
1500,2026-05-08,218,Rio de Janeiro,Restaurante,Recorrente,Frango Grelhado,Pratos,1,59.9,27.0,0,59.9,27.0,32.9
1501,2026-02-08,92,São Paulo,Delivery,Recorrente,Salada,Pratos,1,42.9,18.0,0.05,40.75,18.0,22.75
1502,2026-02-11,336,São Paulo,Delivery,Recorrente,Refrigerante,Bebidas,2,9.9,3.0,0,19.8,6.0,13.8
1503,2026-04-14,6,Belo Horizonte,Retirada,VIP,Entrada Especial,Entrada,1,39.9,18.0,0.05,37.9,18.0,19.9
1504,2026-05-05,310,Rio de Janeiro,Delivery,VIP,Refrigerante,Bebidas,1,9.9,3.0,0,9.9,3.0,6.9
1505,2026-07-26,58,Rio de Janeiro,Retirada,VIP,Suco Natural,Bebidas,1,14.9,5.0,0,14.9,5.0,9.9
1506,2026-07-21,173,São Paulo,Delivery,Novo,Burger Clássico,Pratos,7,54.9,25.0,0,384.3,175.0,209.3
1507,2026-07-01,238,Belo Horizonte,Retirada,Recorrente,Salada,Pratos,1,42.9,18.0,0,42.9,18.0,24.9
1508,2026-03-14,130,São Paulo,Delivery,VIP,Entrada Especial,Entrada,1,39.9,18.0,0,39.9,18.0,21.9
1509,2026-04-19,183,Rio de Janeiro,Restaurante,Novo,Sobremesa Chocolate,Sobremesa,2,24.9,9.0,0,49.8,18.0,31.8
1510,2026-04-17,273,São Paulo,Restaurante,Recorrente,Entrada Especial,Entrada,1,39.9,18.0,0,39.9,18.0,21.9
1511,2026-07-09,325,Campinas,Restaurante,VIP,Refrigerante,Bebidas,1,9.9,3.0,0,9.9,3.0,6.9
1512,2026-05-07,292,Campinas,Delivery,VIP,Refrigerante,Bebidas,4,9.9,3.0,0.1,35.64,12.0,23.64
1513,2026-04-28,372,São Paulo,Restaurante,Recorrente,Entrada Especial,Entrada,1,39.9,18.0,0.1,35.91,18.0,17.91
1514,2026-01-21,383,Belo Horizonte,Delivery,Novo,Sobremesa Chocolate,Sobremesa,5,24.9,9.0,0,124.5,45.0,79.5
1515,2026-03-07,156,Campinas,Restaurante,VIP,Prato Grelhado,Pratos,3,69.9,32.0,0,209.7,96.0,113.7
1516,2026-06-07,141,Belo Horizonte,Retirada,Novo,Frango Grelhado,Pratos,2,59.9,27.0,0.05,113.81,54.0,59.81
1517,2026-07-11,140,Belo Horizonte,Retirada,Novo,Burger Clássico,Pratos,1,54.9,25.0,0,54.9,25.0,29.9
1518,2026-01-02,237,Campinas,Retirada,Recorrente,Refrigerante,Bebidas,1,9.9,3.0,0,9.9,3.0,6.9
1519,2026-06-03,314,Rio de Janeiro,Retirada,Novo,Sobremesa Chocolate,Sobremesa,1,24.9,9.0,0,24.9,9.0,15.9
1520,2026-03-15,7,Belo Horizonte,Delivery,Recorrente,Suco Natural,Bebidas,1,14.9,5.0,0.1,13.41,5.0,8.41
1521,2026-03-29,108,Belo Horizonte,Restaurante,VIP,Sobremesa Chocolate,Sobremesa,1,24.9,9.0,0.05,23.65,9.0,14.65
1522,2026-05-17,288,São Paulo,Restaurante,VIP,Burger Clássico,Pratos,2,54.9,25.0,0.05,104.31,50.0,54.31
1523,2026-03-30,232,Rio de Janeiro,Delivery,Recorrente,Prato Grelhado,Pratos,1,69.9,32.0,0,69.9,32.0,37.9
1524,2026-06-22,213,Rio de Janeiro,Restaurante,VIP,Suco Natural,Bebidas,1,14.9,5.0,0.05,14.15,5.0,9.15
1525,2026-07-15,276,Belo Horizonte,Retirada,Novo,Entrada Especial,Entrada,2,39.9,18.0,0.05,75.81,36.0,39.81
1526,2026-02-03,57,Belo Horizonte,Restaurante,Novo,Refrigerante,Bebidas,1,9.9,3.0,0,9.9,3.0,6.9
1527,2026-05-27,181,Belo Horizonte,Retirada,VIP,Salada,Pratos,1,42.9,18.0,0.05,40.75,18.0,22.75
1528,2026-07-12,341,Rio de Janeiro,Delivery,VIP,Frango Grelhado,Pratos,1,59.9,27.0,0,59.9,27.0,32.9
1529,2026-06-25,147,Belo Horizonte,Restaurante,Recorrente,Sobremesa Chocolate,Sobremesa,1,24.9,9.0,0.05,23.65,9.0,14.65
1530,2026-04-26,391,São Paulo,Delivery,VIP,Burger Clássico,Pratos,5,54.9,25.0,0,274.5,125.0,149.5
1531,2026-04-29,97,Belo Horizonte,Retirada,Recorrente,Burger Clássico,Pratos,2,54.9,25.0,0.05,104.31,50.0,54.31
1532,2026-06-12,375,São Paulo,Retirada,VIP,Entrada Especial,Entrada,1,39.9,18.0,0.1,35.91,18.0,17.91
1533,2026-04-15,190,Belo Horizonte,Retirada,VIP,Entrada Especial,Entrada,1,39.9,18.0,0,39.9,18.0,21.9
1534,2026-01-06,90,Belo Horizonte,Restaurante,Recorrente,Refrigerante,Bebidas,1,9.9,3.0,0,9.9,3.0,6.9
1535,2026-05-01,236,Campinas,Restaurante,VIP,Frango Grelhado,Pratos,1,59.9,27.0,0.05,56.9,27.0,29.9
1536,2026-03-04,82,São Paulo,Delivery,VIP,Suco Natural,Bebidas,9,14.9,5.0,0,134.1,45.0,89.1
1537,2026-03-04,267,São Paulo,Retirada,VIP,Suco Natural,Bebidas,2,14.9,5.0,0.05,28.31,10.0,18.31
1538,2026-05-01,332,São Paulo,Delivery,VIP,Refrigerante,Bebidas,1,9.9,3.0,0.1,8.91,3.0,5.91
1539,2026-05-17,187,Rio de Janeiro,Restaurante,Recorrente,Entrada Especial,Entrada,1,39.9,18.0,0,39.9,18.0,21.9
1540,2026-04-13,370,Rio de Janeiro,Restaurante,VIP,Suco Natural,Bebidas,1,14.9,5.0,0,14.9,5.0,9.9
1541,2026-02-13,50,Belo Horizonte,Restaurante,Novo,Sobremesa Chocolate,Sobremesa,1,24.9,9.0,0,24.9,9.0,15.9
1542,2026-03-26,353,Rio de Janeiro,Restaurante,Recorrente,Prato Grelhado,Pratos,1,69.9,32.0,0,69.9,32.0,37.9
1543,2026-04-24,390,Rio de Janeiro,Retirada,VIP,Sobremesa Chocolate,Sobremesa,3,24.9,9.0,0,74.7,27.0,47.7
1544,2026-02-05,158,Rio de Janeiro,Delivery,VIP,Burger Clássico,Pratos,1,54.9,25.0,0,54.9,25.0,29.9
1545,2026-07-03,80,Belo Horizonte,Retirada,VIP,Burger Clássico,Pratos,1,54.9,25.0,0,54.9,25.0,29.9
1546,2026-07-10,15,Rio de Janeiro,Delivery,VIP,Burger Clássico,Pratos,1,54.9,25.0,0,54.9,25.0,29.9
1547,2026-02-24,88,Belo Horizonte,Delivery,Recorrente,Salada,Pratos,1,42.9,18.0,0.1,38.61,18.0,20.61
1548,2026-03-30,332,Rio de Janeiro,Retirada,Recorrente,Burger Clássico,Pratos,1,54.9,25.0,0.05,52.15,25.0,27.15
1549,2026-02-13,159,São Paulo,Restaurante,Recorrente,Suco Natural,Bebidas,1,14.9,5.0,0,14.9,5.0,9.9
1550,2026-02-22,183,São Paulo,Retirada,VIP,Frango Grelhado,Pratos,1,59.9,27.0,0,59.9,27.0,32.9
1551,2026-05-08,187,Campinas,Restaurante,VIP,Suco Natural,Bebidas,1,14.9,5.0,0,14.9,5.0,9.9
1552,2026-06-20,274,São Paulo,Delivery,Recorrente,Entrada Especial,Entrada,1,39.9,18.0,0.1,35.91,18.0,17.91
1553,2026-07-09,409,Campinas,Retirada,Novo,Prato Grelhado,Pratos,7,69.9,32.0,0,489.3,224.0,265.3
1554,2026-07-09,91,Campinas,Restaurante,VIP,Burger Clássico,Pratos,2,54.9,25.0,0.05,104.31,50.0,54.31
1555,2026-01-11,156,São Paulo,Restaurante,Novo,Salada,Pratos,1,42.9,18.0,0.1,38.61,18.0,20.61
1556,2026-01-16,275,Belo Horizonte,Retirada,Recorrente,Frango Grelhado,Pratos,1,59.9,27.0,0,59.9,27.0,32.9
1557,2026-07-20,43,Belo Horizonte,Restaurante,Novo,Entrada Especial,Entrada,1,39.9,18.0,0.05,37.9,18.0,19.9
1558,2026-05-02,5,Belo Horizonte,Retirada,Recorrente,Frango Grelhado,Pratos,1,59.9,27.0,0.1,53.91,27.0,26.91
1559,2026-05-29,387,Campinas,Delivery,VIP,Refrigerante,Bebidas,3,9.9,3.0,0.1,26.73,9.0,17.73
1560,2026-04-27,169,Belo Horizonte,Delivery,VIP,Entrada Especial,Entrada,1,39.9,18.0,0,39.9,18.0,21.9
1561,2026-05-10,175,Rio de Janeiro,Delivery,VIP,Suco Natural,Bebidas,1,14.9,5.0,0,14.9,5.0,9.9
1562,2026-03-12,261,Belo Horizonte,Restaurante,Novo,Salada,Pratos,1,42.9,18.0,0,42.9,18.0,24.9
1563,2026-05-01,176,Rio de Janeiro,Delivery,Novo,Suco Natural,Bebidas,1,14.9,5.0,0.05,14.15,5.0,9.15
1564,2026-06-13,157,Campinas,Restaurante,Recorrente,Burger Clássico,Pratos,1,54.9,25.0,0.1,49.41,25.0,24.41
1565,2026-03-23,166,Campinas,Retirada,VIP,Suco Natural,Bebidas,1,14.9,5.0,0,14.9,5.0,9.9
1566,2026-02-10,243,Campinas,Restaurante,Recorrente,Frango Grelhado,Pratos,2,59.9,27.0,0.1,107.82,54.0,53.82
1567,2026-06-17,75,Belo Horizonte,Delivery,Recorrente,Refrigerante,Bebidas,3,9.9,3.0,0,29.7,9.0,20.7
1568,2026-03-20,289,Belo Horizonte,Delivery,Recorrente,Sobremesa Chocolate,Sobremesa,2,24.9,9.0,0.05,47.31,18.0,29.31
1569,2026-04-11,234,Belo Horizonte,Restaurante,Recorrente,Refrigerante,Bebidas,1,9.9,3.0,0,9.9,3.0,6.9
1570,2026-07-16,13,Rio de Janeiro,Restaurante,Recorrente,Salada,Pratos,1,42.9,18.0,0,42.9,18.0,24.9
1571,2026-03-24,258,Campinas,Retirada,Novo,Refrigerante,Bebidas,3,9.9,3.0,0.1,26.73,9.0,17.73
1572,2026-04-23,241,Belo Horizonte,Delivery,VIP,Salada,Pratos,1,42.9,18.0,0.1,38.61,18.0,20.61
1573,2026-01-12,301,Campinas,Delivery,Recorrente,Refrigerante,Bebidas,2,9.9,3.0,0.1,17.82,6.0,11.82
1574,2026-04-07,57,Rio de Janeiro,Delivery,Recorrente,Entrada Especial,Entrada,1,39.9,18.0,0,39.9,18.0,21.9
1575,2026-05-01,302,Belo Horizonte,Retirada,Novo,Burger Clássico,Pratos,4,54.9,25.0,0,219.6,100.0,119.6
1576,2026-03-18,419,Rio de Janeiro,Delivery,VIP,Frango Grelhado,Pratos,1,59.9,27.0,0.1,53.91,27.0,26.91
1577,2026-03-16,383,Rio de Janeiro,Retirada,Recorrente,Entrada Especial,Entrada,1,39.9,18.0,0.05,37.9,18.0,19.9
1578,2026-02-24,131,Rio de Janeiro,Delivery,Novo,Burger Clássico,Pratos,1,54.9,25.0,0,54.9,25.0,29.9
1579,2026-06-04,271,Belo Horizonte,Delivery,Recorrente,Entrada Especial,Entrada,1,39.9,18.0,0,39.9,18.0,21.9
1580,2026-01-16,145,Rio de Janeiro,Restaurante,VIP,Sobremesa Chocolate,Sobremesa,1,24.9,9.0,0.05,23.65,9.0,14.65
1581,2026-05-28,273,São Paulo,Retirada,VIP,Sobremesa Chocolate,Sobremesa,2,24.9,9.0,0,49.8,18.0,31.8
1582,2026-02-10,419,Campinas,Retirada,Novo,Prato Grelhado,Pratos,1,69.9,32.0,0.05,66.41,32.0,34.41
1583,2026-03-12,38,Campinas,Retirada,VIP,Suco Natural,Bebidas,1,14.9,5.0,0,14.9,5.0,9.9
1584,2026-02-16,295,Belo Horizonte,Retirada,Novo,Sobremesa Chocolate,Sobremesa,1,24.9,9.0,0.05,23.65,9.0,14.65
1585,2026-03-17,78,Campinas,Restaurante,Recorrente,Entrada Especial,Entrada,1,39.9,18.0,0.05,37.9,18.0,19.9
1586,2026-03-08,395,Belo Horizonte,Retirada,VIP,Frango Grelhado,Pratos,1,59.9,27.0,0,59.9,27.0,32.9
1587,2026-05-28,106,Campinas,Retirada,Novo,Sobremesa Chocolate,Sobremesa,4,24.9,9.0,0,99.6,36.0,63.6
1588,2026-03-20,36,Campinas,Restaurante,VIP,Burger Clássico,Pratos,1,54.9,25.0,0,54.9,25.0,29.9
1589,2026-03-25,139,Rio de Janeiro,Restaurante,Novo,Sobremesa Chocolate,Sobremesa,5,24.9,9.0,0.05,118.27,45.0,73.27
1590,2026-03-01,228,São Paulo,Delivery,Recorrente,Frango Grelhado,Pratos,2,59.9,27.0,0,119.8,54.0,65.8
1591,2026-07-10,303,Campinas,Delivery,Novo,Frango Grelhado,Pratos,1,59.9,27.0,0.05,56.9,27.0,29.9
1592,2026-07-28,62,São Paulo,Retirada,Novo,Prato Grelhado,Pratos,1,69.9,32.0,0,69.9,32.0,37.9
1593,2026-05-06,185,Campinas,Restaurante,Novo,Sobremesa Chocolate,Sobremesa,2,24.9,9.0,0.1,44.82,18.0,26.82
1594,2026-05-03,205,São Paulo,Restaurante,Recorrente,Salada,Pratos,1,42.9,18.0,0.05,40.75,18.0,22.75
1595,2026-01-26,118,Belo Horizonte,Restaurante,VIP,Sobremesa Chocolate,Sobremesa,1,24.9,9.0,0,24.9,9.0,15.9
1596,2026-06-29,24,São Paulo,Delivery,Recorrente,Prato Grelhado,Pratos,2,69.9,32.0,0,139.8,64.0,75.8
1597,2026-02-06,391,Campinas,Restaurante,VIP,Frango Grelhado,Pratos,19,59.9,27.0,0.05,1081.19,513.0,568.19
1598,2026-01-10,213,Rio de Janeiro,Retirada,Recorrente,Entrada Especial,Entrada,1,39.9,18.0,0.1,35.91,18.0,17.91
1599,2026-02-10,403,Campinas,Restaurante,Recorrente,Refrigerante,Bebidas,1,9.9,3.0,0,9.9,3.0,6.9
1600,2026-02-11,165,Rio de Janeiro,Retirada,Recorrente,Entrada Especial,Entrada,1,39.9,18.0,0.1,35.91,18.0,17.91
1601,2026-01-08,277,Campinas,Restaurante,Recorrente,Entrada Especial,Entrada,1,39.9,18.0,0,39.9,18.0,21.9
1602,2026-04-07,58,São Paulo,Restaurante,Recorrente,Burger Clássico,Pratos,1,54.9,25.0,0,54.9,25.0,29.9
1603,2026-05-02,415,Belo Horizonte,Retirada,Novo,Suco Natural,Bebidas,8,14.9,5.0,0.1,107.28,40.0,67.28
1604,2026-06-13,188,Campinas,Delivery,Recorrente,Entrada Especial,Entrada,1,39.9,18.0,0.1,35.91,18.0,17.91
1605,2026-06-07,264,Campinas,Retirada,Novo,Prato Grelhado,Pratos,1,69.9,32.0,0,69.9,32.0,37.9
1606,2026-02-03,54,Belo Horizonte,Restaurante,Recorrente,Burger Clássico,Pratos,1,54.9,25.0,0.1,49.41,25.0,24.41
1607,2026-03-05,343,Rio de Janeiro,Delivery,VIP,Frango Grelhado,Pratos,1,59.9,27.0,0.05,56.9,27.0,29.9
1608,2026-06-01,297,Rio de Janeiro,Delivery,VIP,Salada,Pratos,2,42.9,18.0,0,85.8,36.0,49.8
1609,2026-07-08,8,São Paulo,Retirada,Novo,Entrada Especial,Entrada,2,39.9,18.0,0,79.8,36.0,43.8
1610,2026-02-06,247,Rio de Janeiro,Delivery,Novo,Entrada Especial,Entrada,3,39.9,18.0,0.1,107.73,54.0,53.73
1611,2026-05-04,233,Belo Horizonte,Retirada,Recorrente,Sobremesa Chocolate,Sobremesa,1,24.9,9.0,0,24.9,9.0,15.9
1612,2026-06-09,131,Rio de Janeiro,Delivery,Recorrente,Salada,Pratos,1,42.9,18.0,0,42.9,18.0,24.9
1613,2026-03-29,33,Rio de Janeiro,Restaurante,VIP,Suco Natural,Bebidas,2,14.9,5.0,0,29.8,10.0,19.8
1614,2026-07-20,235,Campinas,Retirada,Novo,Sobremesa Chocolate,Sobremesa,1,24.9,9.0,0,24.9,9.0,15.9
1615,2026-01-29,284,Rio de Janeiro,Delivery,Recorrente,Prato Grelhado,Pratos,1,69.9,32.0,0.05,66.41,32.0,34.41
1616,2026-01-22,398,Campinas,Retirada,Novo,Burger Clássico,Pratos,1,54.9,25.0,0,54.9,25.0,29.9
1617,2026-01-05,269,Campinas,Retirada,VIP,Frango Grelhado,Pratos,2,59.9,27.0,0.1,107.82,54.0,53.82
1618,2026-01-13,52,Campinas,Retirada,Recorrente,Sobremesa Chocolate,Sobremesa,1,24.9,9.0,0,24.9,9.0,15.9
1619,2026-06-24,218,Campinas,Restaurante,VIP,Burger Clássico,Pratos,2,54.9,25.0,0.1,98.82,50.0,48.82
1620,2026-02-21,216,Rio de Janeiro,Delivery,Recorrente,Salada,Pratos,1,42.9,18.0,0.1,38.61,18.0,20.61
1621,2026-05-02,363,São Paulo,Delivery,Novo,Suco Natural,Bebidas,1,14.9,5.0,0,14.9,5.0,9.9
1622,2026-05-23,72,São Paulo,Retirada,Novo,Salada,Pratos,1,42.9,18.0,0.05,40.75,18.0,22.75
1623,2026-02-06,201,Belo Horizonte,Restaurante,Novo,Suco Natural,Bebidas,3,14.9,5.0,0.05,42.47,15.0,27.47
1624,2026-06-01,64,Rio de Janeiro,Restaurante,Novo,Frango Grelhado,Pratos,1,59.9,27.0,0.05,56.9,27.0,29.9
1625,2026-07-05,267,Rio de Janeiro,Delivery,Novo,Burger Clássico,Pratos,1,54.9,25.0,0,54.9,25.0,29.9
1626,2026-03-21,278,Belo Horizonte,Restaurante,Recorrente,Prato Grelhado,Pratos,2,69.9,32.0,0,139.8,64.0,75.8
1627,2026-07-10,196,Rio de Janeiro,Retirada,Recorrente,Suco Natural,Bebidas,1,14.9,5.0,0,14.9,5.0,9.9
1628,2026-03-07,268,Belo Horizonte,Restaurante,Recorrente,Prato Grelhado,Pratos,1,69.9,32.0,0,69.9,32.0,37.9
1629,2026-01-27,360,Rio de Janeiro,Retirada,Novo,Prato Grelhado,Pratos,12,69.9,32.0,0.05,796.86,384.0,412.86
1630,2026-04-21,169,Rio de Janeiro,Delivery,Recorrente,Refrigerante,Bebidas,1,9.9,3.0,0.1,8.91,3.0,5.91
1631,2026-04-18,254,Belo Horizonte,Restaurante,Novo,Salada,Pratos,8,42.9,18.0,0.1,308.88,144.0,164.88
1632,2026-02-26,290,Belo Horizonte,Retirada,VIP,Refrigerante,Bebidas,2,9.9,3.0,0.1,17.82,6.0,11.82
1633,2026-04-07,61,São Paulo,Retirada,VIP,Refrigerante,Bebidas,1,9.9,3.0,0,9.9,3.0,6.9
1634,2026-07-15,178,Belo Horizonte,Retirada,Recorrente,Frango Grelhado,Pratos,1,59.9,27.0,0,59.9,27.0,32.9
1635,2026-06-15,343,São Paulo,Retirada,Recorrente,Suco Natural,Bebidas,3,14.9,5.0,0.05,42.47,15.0,27.47
1636,2026-01-07,411,São Paulo,Delivery,Recorrente,Frango Grelhado,Pratos,1,59.9,27.0,0.05,56.9,27.0,29.9
1637,2026-01-08,142,Rio de Janeiro,Retirada,Recorrente,Suco Natural,Bebidas,3,14.9,5.0,0,44.7,15.0,29.7
1638,2026-04-25,286,Rio de Janeiro,Retirada,Novo,Entrada Especial,Entrada,1,39.9,18.0,0,39.9,18.0,21.9
1639,2026-07-17,181,Belo Horizonte,Restaurante,Novo,Sobremesa Chocolate,Sobremesa,2,24.9,9.0,0,49.8,18.0,31.8
1640,2026-06-07,161,São Paulo,Retirada,VIP,Frango Grelhado,Pratos,1,59.9,27.0,0.05,56.9,27.0,29.9
1641,2026-06-09,180,Rio de Janeiro,Restaurante,VIP,Suco Natural,Bebidas,2,14.9,5.0,0.05,28.31,10.0,18.31
1642,2026-03-28,98,Rio de Janeiro,Restaurante,Novo,Suco Natural,Bebidas,4,14.9,5.0,0,59.6,20.0,39.6
1643,2026-05-29,92,Rio de Janeiro,Retirada,VIP,Salada,Pratos,4,42.9,18.0,0.1,154.44,72.0,82.44
1644,2026-04-12,367,Belo Horizonte,Retirada,Recorrente,Prato Grelhado,Pratos,1,69.9,32.0,0,69.9,32.0,37.9
1645,2026-03-29,43,Rio de Janeiro,Restaurante,VIP,Sobremesa Chocolate,Sobremesa,1,24.9,9.0,0.1,22.41,9.0,13.41
1646,2026-03-24,14,Campinas,Retirada,VIP,Frango Grelhado,Pratos,1,59.9,27.0,0,59.9,27.0,32.9
1647,2026-05-07,75,Campinas,Restaurante,Recorrente,Frango Grelhado,Pratos,3,59.9,27.0,0,179.7,81.0,98.7
1648,2026-01-04,285,Belo Horizonte,Retirada,Recorrente,Salada,Pratos,1,42.9,18.0,0.05,40.75,18.0,22.75
1649,2026-05-22,199,Belo Horizonte,Retirada,VIP,Frango Grelhado,Pratos,1,59.9,27.0,0.1,53.91,27.0,26.91
1650,2026-07-11,121,Belo Horizonte,Delivery,Recorrente,Salada,Pratos,2,42.9,18.0,0,85.8,36.0,49.8
1651,2026-03-23,66,Campinas,Delivery,VIP,Sobremesa Chocolate,Sobremesa,1,24.9,9.0,0.1,22.41,9.0,13.41
1652,2026-01-25,368,Campinas,Retirada,VIP,Suco Natural,Bebidas,1,14.9,5.0,0,14.9,5.0,9.9
1653,2026-06-29,255,Belo Horizonte,Restaurante,VIP,Frango Grelhado,Pratos,1,59.9,27.0,0.05,56.9,27.0,29.9
1654,2026-06-01,178,Belo Horizonte,Restaurante,VIP,Refrigerante,Bebidas,1,9.9,3.0,0,9.9,3.0,6.9
1655,2026-05-03,373,Rio de Janeiro,Retirada,VIP,Burger Clássico,Pratos,1,54.9,25.0,0,54.9,25.0,29.9
1656,2026-01-08,159,Belo Horizonte,Restaurante,Novo,Suco Natural,Bebidas,1,14.9,5.0,0.05,14.15,5.0,9.15
1657,2026-05-18,349,Belo Horizonte,Retirada,Novo,Salada,Pratos,1,42.9,18.0,0.1,38.61,18.0,20.61
1658,2026-05-31,397,Rio de Janeiro,Restaurante,VIP,Sobremesa Chocolate,Sobremesa,3,24.9,9.0,0,74.7,27.0,47.7
1659,2026-01-19,397,Campinas,Retirada,Novo,Prato Grelhado,Pratos,1,69.9,32.0,0.1,62.91,32.0,30.91
1660,2026-07-14,49,São Paulo,Delivery,Recorrente,Burger Clássico,Pratos,3,54.9,25.0,0,164.7,75.0,89.7
1661,2026-04-14,50,Campinas,Delivery,Recorrente,Refrigerante,Bebidas,3,9.9,3.0,0,29.7,9.0,20.7
1662,2026-03-21,134,Belo Horizonte,Delivery,Novo,Sobremesa Chocolate,Sobremesa,1,24.9,9.0,0,24.9,9.0,15.9
1663,2026-04-13,385,São Paulo,Retirada,Recorrente,Frango Grelhado,Pratos,1,59.9,27.0,0.05,56.9,27.0,29.9
1664,2026-01-25,49,São Paulo,Retirada,VIP,Salada,Pratos,1,42.9,18.0,0,42.9,18.0,24.9
1665,2026-02-13,15,Rio de Janeiro,Restaurante,Recorrente,Entrada Especial,Entrada,6,39.9,18.0,0,239.4,108.0,131.4
1666,2026-07-24,112,Belo Horizonte,Restaurante,Novo,Sobremesa Chocolate,Sobremesa,3,24.9,9.0,0.1,67.23,27.0,40.23
1667,2026-03-30,226,Rio de Janeiro,Retirada,VIP,Prato Grelhado,Pratos,4,69.9,32.0,0,279.6,128.0,151.6
1668,2026-06-30,276,São Paulo,Delivery,VIP,Burger Clássico,Pratos,1,54.9,25.0,0,54.9,25.0,29.9
1669,2026-07-23,303,São Paulo,Delivery,Recorrente,Prato Grelhado,Pratos,3,69.9,32.0,0,209.7,96.0,113.7
1670,2026-05-13,233,Campinas,Retirada,VIP,Burger Clássico,Pratos,4,54.9,25.0,0,219.6,100.0,119.6
1671,2026-06-18,188,São Paulo,Retirada,Recorrente,Refrigerante,Bebidas,3,9.9,3.0,0,29.7,9.0,20.7
1672,2026-02-06,246,São Paulo,Delivery,Recorrente,Frango Grelhado,Pratos,6,59.9,27.0,0,359.4,162.0,197.4
1673,2026-07-27,295,Rio de Janeiro,Retirada,VIP,Prato Grelhado,Pratos,3,69.9,32.0,0.1,188.73,96.0,92.73
1674,2026-06-29,391,Rio de Janeiro,Delivery,Novo,Refrigerante,Bebidas,2,9.9,3.0,0.05,18.81,6.0,12.81
1675,2026-02-20,13,Belo Horizonte,Delivery,Novo,Salada,Pratos,5,42.9,18.0,0.05,203.77,90.0,113.77
1676,2026-05-06,395,Rio de Janeiro,Delivery,Recorrente,Prato Grelhado,Pratos,1,69.9,32.0,0,69.9,32.0,37.9
1677,2026-06-25,278,Rio de Janeiro,Restaurante,VIP,Entrada Especial,Entrada,1,39.9,18.0,0.1,35.91,18.0,17.91
1678,2026-02-14,181,Rio de Janeiro,Restaurante,Recorrente,Sobremesa Chocolate,Sobremesa,2,24.9,9.0,0,49.8,18.0,31.8
1679,2026-05-18,349,Campinas,Delivery,VIP,Entrada Especial,Entrada,3,39.9,18.0,0,119.7,54.0,65.7
1680,2026-06-28,38,Campinas,Restaurante,VIP,Entrada Especial,Entrada,4,39.9,18.0,0,159.6,72.0,87.6
1681,2026-07-02,106,São Paulo,Retirada,Novo,Frango Grelhado,Pratos,1,59.9,27.0,0.05,56.9,27.0,29.9
1682,2026-06-26,117,Rio de Janeiro,Retirada,Novo,Prato Grelhado,Pratos,18,69.9,32.0,0.05,1195.29,576.0,619.29
1683,2026-04-06,364,Rio de Janeiro,Restaurante,Recorrente,Refrigerante,Bebidas,1,9.9,3.0,0.1,8.91,3.0,5.91
1684,2026-06-10,213,Rio de Janeiro,Retirada,Recorrente,Salada,Pratos,1,42.9,18.0,0,42.9,18.0,24.9
1685,2026-04-16,321,Rio de Janeiro,Delivery,VIP,Refrigerante,Bebidas,1,9.9,3.0,0,9.9,3.0,6.9
1686,2026-06-27,60,Campinas,Restaurante,Novo,Refrigerante,Bebidas,1,9.9,3.0,0,9.9,3.0,6.9
1687,2026-02-10,146,Rio de Janeiro,Restaurante,VIP,Suco Natural,Bebidas,1,14.9,5.0,0.05,14.15,5.0,9.15
1688,2026-05-18,45,São Paulo,Restaurante,Recorrente,Salada,Pratos,1,42.9,18.0,0,42.9,18.0,24.9
1689,2026-05-23,58,Belo Horizonte,Restaurante,Recorrente,Suco Natural,Bebidas,1,14.9,5.0,0,14.9,5.0,9.9
1690,2026-02-28,316,São Paulo,Retirada,Novo,Entrada Especial,Entrada,3,39.9,18.0,0.05,113.71,54.0,59.71
1691,2026-04-05,23,Campinas,Restaurante,Novo,Suco Natural,Bebidas,2,14.9,5.0,0,29.8,10.0,19.8
1692,2026-05-26,103,Campinas,Delivery,Recorrente,Entrada Especial,Entrada,5,39.9,18.0,0.05,189.52,90.0,99.52
1693,2026-06-14,322,São Paulo,Delivery,Novo,Entrada Especial,Entrada,1,39.9,18.0,0,39.9,18.0,21.9
1694,2026-02-19,271,São Paulo,Delivery,Novo,Sobremesa Chocolate,Sobremesa,2,24.9,9.0,0.1,44.82,18.0,26.82
1695,2026-03-15,210,São Paulo,Restaurante,VIP,Burger Clássico,Pratos,1,54.9,25.0,0,54.9,25.0,29.9
1696,2026-05-13,54,Rio de Janeiro,Delivery,Novo,Entrada Especial,Entrada,1,39.9,18.0,0,39.9,18.0,21.9
1697,2026-06-25,289,São Paulo,Delivery,Novo,Frango Grelhado,Pratos,11,59.9,27.0,0,658.9,297.0,361.9
1698,2026-05-20,199,Belo Horizonte,Delivery,Recorrente,Prato Grelhado,Pratos,1,69.9,32.0,0.1,62.91,32.0,30.91
1699,2026-04-26,233,Belo Horizonte,Delivery,Recorrente,Frango Grelhado,Pratos,2,59.9,27.0,0,119.8,54.0,65.8
1700,2026-05-18,83,Campinas,Retirada,Recorrente,Sobremesa Chocolate,Sobremesa,1,24.9,9.0,0,24.9,9.0,15.9
1701,2026-04-05,117,Belo Horizonte,Restaurante,Recorrente,Entrada Especial,Entrada,1,39.9,18.0,0.1,35.91,18.0,17.91
1702,2026-04-13,376,Belo Horizonte,Delivery,Recorrente,Burger Clássico,Pratos,3,54.9,25.0,0.05,156.46,75.0,81.46
1703,2026-04-26,69,Rio de Janeiro,Delivery,VIP,Suco Natural,Bebidas,6,14.9,5.0,0.05,84.93,30.0,54.93
1704,2026-07-05,187,Campinas,Retirada,VIP,Frango Grelhado,Pratos,1,59.9,27.0,0.1,53.91,27.0,26.91
1705,2026-04-29,278,Campinas,Delivery,Recorrente,Refrigerante,Bebidas,1,9.9,3.0,0,9.9,3.0,6.9
1706,2026-06-16,112,Belo Horizonte,Retirada,Novo,Suco Natural,Bebidas,1,14.9,5.0,0,14.9,5.0,9.9
1707,2026-03-28,356,Campinas,Delivery,Recorrente,Burger Clássico,Pratos,2,54.9,25.0,0,109.8,50.0,59.8
1708,2026-02-22,295,Campinas,Retirada,VIP,Refrigerante,Bebidas,1,9.9,3.0,0.05,9.4,3.0,6.4
1709,2026-07-20,313,Campinas,Restaurante,Recorrente,Frango Grelhado,Pratos,1,59.9,27.0,0,59.9,27.0,32.9
1710,2026-07-15,170,São Paulo,Restaurante,Novo,Entrada Especial,Entrada,2,39.9,18.0,0,79.8,36.0,43.8
1711,2026-01-24,34,Campinas,Retirada,Novo,Sobremesa Chocolate,Sobremesa,5,24.9,9.0,0,124.5,45.0,79.5
1712,2026-04-03,149,Rio de Janeiro,Delivery,VIP,Sobremesa Chocolate,Sobremesa,1,24.9,9.0,0,24.9,9.0,15.9
1713,2026-03-19,273,Campinas,Restaurante,Recorrente,Prato Grelhado,Pratos,3,69.9,32.0,0,209.7,96.0,113.7
1714,2026-06-08,59,Rio de Janeiro,Delivery,VIP,Refrigerante,Bebidas,1,9.9,3.0,0,9.9,3.0,6.9
1715,2026-06-19,195,Campinas,Restaurante,Recorrente,Burger Clássico,Pratos,4,54.9,25.0,0.05,208.62,100.0,108.62
1716,2026-05-03,94,Belo Horizonte,Delivery,VIP,Burger Clássico,Pratos,2,54.9,25.0,0.1,98.82,50.0,48.82
1717,2026-04-25,190,Rio de Janeiro,Retirada,Recorrente,Entrada Especial,Entrada,7,39.9,18.0,0,279.3,126.0,153.3
1718,2026-01-18,325,Campinas,Delivery,Novo,Burger Clássico,Pratos,1,54.9,25.0,0,54.9,25.0,29.9
1719,2026-03-24,9,Rio de Janeiro,Restaurante,VIP,Salada,Pratos,2,42.9,18.0,0.05,81.51,36.0,45.51
1720,2026-06-09,267,Campinas,Delivery,VIP,Refrigerante,Bebidas,9,9.9,3.0,0,89.1,27.0,62.1
1721,2026-01-07,135,Campinas,Retirada,VIP,Suco Natural,Bebidas,1,14.9,5.0,0,14.9,5.0,9.9
1722,2026-04-25,171,Belo Horizonte,Retirada,VIP,Refrigerante,Bebidas,1,9.9,3.0,0,9.9,3.0,6.9
1723,2026-05-22,10,São Paulo,Retirada,VIP,Entrada Especial,Entrada,1,39.9,18.0,0.1,35.91,18.0,17.91
1724,2026-03-19,357,São Paulo,Delivery,VIP,Refrigerante,Bebidas,1,9.9,3.0,0,9.9,3.0,6.9
1725,2026-04-07,68,Belo Horizonte,Delivery,VIP,Sobremesa Chocolate,Sobremesa,1,24.9,9.0,0,24.9,9.0,15.9
1726,2026-03-30,413,São Paulo,Delivery,Recorrente,Salada,Pratos,1,42.9,18.0,0,42.9,18.0,24.9
1727,2026-06-20,39,Campinas,Restaurante,Novo,Sobremesa Chocolate,Sobremesa,3,24.9,9.0,0,74.7,27.0,47.7
1728,2026-02-15,371,São Paulo,Restaurante,Novo,Sobremesa Chocolate,Sobremesa,1,24.9,9.0,0,24.9,9.0,15.9
1729,2026-01-04,403,Belo Horizonte,Restaurante,VIP,Sobremesa Chocolate,Sobremesa,4,24.9,9.0,0,99.6,36.0,63.6
1730,2026-06-20,96,Campinas,Restaurante,VIP,Prato Grelhado,Pratos,1,69.9,32.0,0,69.9,32.0,37.9
1731,2026-01-24,199,Campinas,Restaurante,Novo,Prato Grelhado,Pratos,1,69.9,32.0,0,69.9,32.0,37.9
1732,2026-03-24,375,Campinas,Delivery,Recorrente,Frango Grelhado,Pratos,1,59.9,27.0,0,59.9,27.0,32.9
1733,2026-06-23,74,Campinas,Restaurante,Novo,Entrada Especial,Entrada,1,39.9,18.0,0,39.9,18.0,21.9
1734,2026-05-19,388,Campinas,Restaurante,Novo,Frango Grelhado,Pratos,2,59.9,27.0,0,119.8,54.0,65.8
1735,2026-02-28,112,Belo Horizonte,Delivery,VIP,Burger Clássico,Pratos,1,54.9,25.0,0,54.9,25.0,29.9
1736,2026-04-20,145,São Paulo,Retirada,VIP,Salada,Pratos,3,42.9,18.0,0,128.7,54.0,74.7
1737,2026-07-13,41,São Paulo,Delivery,VIP,Burger Clássico,Pratos,1,54.9,25.0,0.05,52.15,25.0,27.15
1738,2026-06-22,358,Rio de Janeiro,Restaurante,VIP,Suco Natural,Bebidas,1,14.9,5.0,0,14.9,5.0,9.9
1739,2026-06-24,190,Belo Horizonte,Delivery,Recorrente,Prato Grelhado,Pratos,1,69.9,32.0,0.05,66.41,32.0,34.41
1740,2026-05-08,88,Campinas,Retirada,Novo,Salada,Pratos,2,42.9,18.0,0.1,77.22,36.0,41.22
1741,2026-01-11,232,Belo Horizonte,Delivery,Recorrente,Sobremesa Chocolate,Sobremesa,1,24.9,9.0,0.05,23.65,9.0,14.65
1742,2026-02-09,324,Campinas,Restaurante,Recorrente,Burger Clássico,Pratos,2,54.9,25.0,0.05,104.31,50.0,54.31
1743,2026-02-08,95,Campinas,Retirada,Novo,Refrigerante,Bebidas,1,9.9,3.0,0.1,8.91,3.0,5.91
1744,2026-02-25,255,Rio de Janeiro,Delivery,Novo,Prato Grelhado,Pratos,1,69.9,32.0,0,69.9,32.0,37.9
1745,2026-04-11,250,Rio de Janeiro,Retirada,Novo,Burger Clássico,Pratos,1,54.9,25.0,0,54.9,25.0,29.9
1746,2026-06-05,181,Belo Horizonte,Restaurante,VIP,Suco Natural,Bebidas,1,14.9,5.0,0,14.9,5.0,9.9
1747,2026-01-28,266,Rio de Janeiro,Retirada,Novo,Prato Grelhado,Pratos,6,69.9,32.0,0,419.4,192.0,227.4
1748,2026-05-07,351,Campinas,Delivery,Recorrente,Frango Grelhado,Pratos,1,59.9,27.0,0,59.9,27.0,32.9
1749,2026-06-08,414,Rio de Janeiro,Retirada,Recorrente,Refrigerante,Bebidas,1,9.9,3.0,0,9.9,3.0,6.9
1750,2026-06-26,214,São Paulo,Restaurante,Recorrente,Burger Clássico,Pratos,1,54.9,25.0,0,54.9,25.0,29.9
1751,2026-03-05,175,Belo Horizonte,Delivery,Recorrente,Frango Grelhado,Pratos,5,59.9,27.0,0.1,269.55,135.0,134.55
1752,2026-05-28,313,Campinas,Delivery,VIP,Sobremesa Chocolate,Sobremesa,2,24.9,9.0,0.1,44.82,18.0,26.82
1753,2026-03-02,197,Rio de Janeiro,Restaurante,VIP,Frango Grelhado,Pratos,1,59.9,27.0,0,59.9,27.0,32.9
1754,2026-07-12,35,Belo Horizonte,Delivery,VIP,Burger Clássico,Pratos,1,54.9,25.0,0,54.9,25.0,29.9
1755,2026-04-26,243,Campinas,Delivery,Recorrente,Refrigerante,Bebidas,3,9.9,3.0,0,29.7,9.0,20.7
1756,2026-03-05,402,Belo Horizonte,Retirada,VIP,Frango Grelhado,Pratos,2,59.9,27.0,0,119.8,54.0,65.8
1757,2026-03-11,306,Campinas,Retirada,VIP,Sobremesa Chocolate,Sobremesa,1,24.9,9.0,0,24.9,9.0,15.9
1758,2026-06-04,217,Rio de Janeiro,Restaurante,Novo,Prato Grelhado,Pratos,1,69.9,32.0,0.05,66.41,32.0,34.41
1759,2026-06-29,41,São Paulo,Delivery,Novo,Entrada Especial,Entrada,1,39.9,18.0,0.05,37.9,18.0,19.9
1760,2026-04-05,305,Belo Horizonte,Delivery,VIP,Suco Natural,Bebidas,2,14.9,5.0,0,29.8,10.0,19.8
1761,2026-04-24,233,Campinas,Delivery,VIP,Sobremesa Chocolate,Sobremesa,1,24.9,9.0,0.1,22.41,9.0,13.41
1762,2026-03-14,283,São Paulo,Restaurante,Novo,Burger Clássico,Pratos,1,54.9,25.0,0,54.9,25.0,29.9
1763,2026-05-03,331,São Paulo,Delivery,VIP,Sobremesa Chocolate,Sobremesa,1,24.9,9.0,0.05,23.65,9.0,14.65
1764,2026-03-24,388,Rio de Janeiro,Restaurante,Recorrente,Refrigerante,Bebidas,1,9.9,3.0,0.1,8.91,3.0,5.91
1765,2026-05-26,35,Campinas,Retirada,Recorrente,Entrada Especial,Entrada,4,39.9,18.0,0,159.6,72.0,87.6
1766,2026-02-05,183,Campinas,Retirada,Novo,Burger Clássico,Pratos,1,54.9,25.0,0,54.9,25.0,29.9
1767,2026-03-28,269,Belo Horizonte,Delivery,VIP,Prato Grelhado,Pratos,1,69.9,32.0,0,69.9,32.0,37.9
1768,2026-04-17,60,Campinas,Restaurante,Recorrente,Refrigerante,Bebidas,2,9.9,3.0,0,19.8,6.0,13.8
1769,2026-07-15,246,São Paulo,Retirada,Novo,Salada,Pratos,1,42.9,18.0,0,42.9,18.0,24.9
1770,2026-01-11,166,Campinas,Restaurante,VIP,Entrada Especial,Entrada,1,39.9,18.0,0,39.9,18.0,21.9
1771,2026-04-10,282,São Paulo,Delivery,VIP,Refrigerante,Bebidas,1,9.9,3.0,0.05,9.4,3.0,6.4
1772,2026-01-18,360,Belo Horizonte,Restaurante,Novo,Entrada Especial,Entrada,1,39.9,18.0,0,39.9,18.0,21.9
1773,2026-01-21,4,Campinas,Delivery,Novo,Sobremesa Chocolate,Sobremesa,1,24.9,9.0,0.1,22.41,9.0,13.41
1774,2026-06-10,132,Campinas,Delivery,Novo,Salada,Pratos,1,42.9,18.0,0.1,38.61,18.0,20.61
1775,2026-03-27,229,Rio de Janeiro,Restaurante,Recorrente,Frango Grelhado,Pratos,1,59.9,27.0,0,59.9,27.0,32.9
1776,2026-06-04,103,São Paulo,Delivery,VIP,Refrigerante,Bebidas,1,9.9,3.0,0,9.9,3.0,6.9
1777,2026-07-14,28,Rio de Janeiro,Retirada,Recorrente,Salada,Pratos,3,42.9,18.0,0.05,122.26,54.0,68.26
1778,2026-06-15,159,Campinas,Delivery,VIP,Frango Grelhado,Pratos,1,59.9,27.0,0,59.9,27.0,32.9
1779,2026-01-04,369,Belo Horizonte,Restaurante,VIP,Frango Grelhado,Pratos,3,59.9,27.0,0.05,170.71,81.0,89.71
1780,2026-03-25,306,Belo Horizonte,Restaurante,Recorrente,Suco Natural,Bebidas,8,14.9,5.0,0.1,107.28,40.0,67.28
1781,2026-03-15,6,São Paulo,Restaurante,VIP,Frango Grelhado,Pratos,1,59.9,27.0,0,59.9,27.0,32.9
1782,2026-03-12,189,Campinas,Retirada,Novo,Entrada Especial,Entrada,1,39.9,18.0,0,39.9,18.0,21.9
1783,2026-02-25,335,São Paulo,Delivery,Recorrente,Frango Grelhado,Pratos,7,59.9,27.0,0.05,398.33,189.0,209.33
1784,2026-01-06,410,Campinas,Delivery,Recorrente,Salada,Pratos,2,42.9,18.0,0.05,81.51,36.0,45.51
1785,2026-02-22,8,São Paulo,Retirada,Recorrente,Prato Grelhado,Pratos,5,69.9,32.0,0,349.5,160.0,189.5
1786,2026-01-29,360,Rio de Janeiro,Retirada,Recorrente,Prato Grelhado,Pratos,2,69.9,32.0,0,139.8,64.0,75.8
1787,2026-05-25,16,São Paulo,Restaurante,Recorrente,Suco Natural,Bebidas,1,14.9,5.0,0.05,14.15,5.0,9.15
1788,2026-01-10,337,São Paulo,Restaurante,VIP,Suco Natural,Bebidas,1,14.9,5.0,0,14.9,5.0,9.9
1789,2026-01-17,97,Rio de Janeiro,Restaurante,Novo,Salada,Pratos,2,42.9,18.0,0,85.8,36.0,49.8
1790,2026-03-02,406,Belo Horizonte,Restaurante,VIP,Suco Natural,Bebidas,3,14.9,5.0,0.05,42.47,15.0,27.47
1791,2026-03-01,84,Belo Horizonte,Delivery,Recorrente,Entrada Especial,Entrada,1,39.9,18.0,0.1,35.91,18.0,17.91
1792,2026-04-06,298,Rio de Janeiro,Delivery,Recorrente,Sobremesa Chocolate,Sobremesa,2,24.9,9.0,0,49.8,18.0,31.8
1793,2026-04-13,346,Campinas,Delivery,VIP,Sobremesa Chocolate,Sobremesa,1,24.9,9.0,0.05,23.65,9.0,14.65
1794,2026-05-19,184,Rio de Janeiro,Retirada,Novo,Refrigerante,Bebidas,1,9.9,3.0,0,9.9,3.0,6.9
1795,2026-06-15,260,Campinas,Retirada,Novo,Suco Natural,Bebidas,1,14.9,5.0,0,14.9,5.0,9.9
1796,2026-06-10,418,Campinas,Retirada,VIP,Burger Clássico,Pratos,1,54.9,25.0,0,54.9,25.0,29.9
1797,2026-07-22,22,São Paulo,Delivery,VIP,Frango Grelhado,Pratos,3,59.9,27.0,0.1,161.73,81.0,80.73
1798,2026-05-14,351,Campinas,Retirada,VIP,Prato Grelhado,Pratos,1,69.9,32.0,0,69.9,32.0,37.9
1799,2026-07-01,113,Belo Horizonte,Delivery,VIP,Sobremesa Chocolate,Sobremesa,1,24.9,9.0,0.05,23.65,9.0,14.65
1800,2026-05-28,80,Campinas,Restaurante,VIP,Sobremesa Chocolate,Sobremesa,2,24.9,9.0,0.05,47.31,18.0,29.31
